IncidentDate,Zipcode,Battalion,StationArea,Box,SuppressionUnits,SuppressionPersonnel,EMSUnits,EMSPersonnel,OtherUnits,OtherPersonnel,EstimatedPropertyLoss,EstimatedContentsLoss,FireInjuries,CivilianFatalities,CivilianInjuries,PrimarySituation,ActionTakenPrimary,PropertyUse,AreaofFireOrigin,IgnitionCause,IgnitionFactorPrimary,HeatSource,ItemFirstIgnited,HumanFactorsAssociatedwithIgnition,StructureStatus,DetectorsPresent,DetectorType,DetectorOperation,AutomaticExtinguishingSystemPresent,SupervisorDistrict,NeighborhoodDistrict,Completion Time,Response Time
03/16/2016,94103,B02,36,3212,9,34,1,2,2,3,150,25,0,0,0,111 building fire,"10 fire control or extinguishment, other","439 boarding/rooming house, residential hotels",21 bedroom - < 5 persons; included are jail or prison,1 intentional,"10 misuse of material or product, other","65 lighter: cigarette, cigar","59 rolled, wound material (paper and fabrics)",n none,2 in normal use,1 present,1 smoke,2 detector operated,1 present,6,Mission,167,5
04/02/2015,94133,B01,28,1434,9,33,3,5,3,4,100000,50000,0,0,0,111 building fire,11 extinguishment by fire service personnel,429 multifamily dwelling,"20 function areas, other",2 unintentional,nn none,13 electrical arcing,"81 electrical wire, cable insulation",n none,2 in normal use,1 present,1 smoke,u undetermined,n none present,3,North Beach,478,3
11/10/2015,94109,B04,38,3325,3,10,0,0,1,1,500,100,0,0,0,111 building fire,"10 fire control or extinguishment, other",429 multifamily dwelling,"01 hallway corridor, mall",1 intentional,"10 misuse of material or product, other","60 heat from other open flame or smoking materials, other",34 wearing apparel not on a person,n none,2 in normal use,1 present,5 more than one type present,2 detector operated,u undetermined,2,Pacific Heights,82,5
12/29/2015,94122,B08,22,7325,17,64,4,6,3,4,750000,50000,0,0,0,111 building fire,11 extinguishment by fire service personnel,429 multifamily dwelling,"26 laundry area, wash house (laundry)",2 unintentional,"30 electrical failure, malfunction, other","10 heat from powered equipment, other",34 wearing apparel not on a person,n none,2 in normal use,1 present,1 smoke,2 detector operated,2 partial system present,5,Inner Sunset,252,3
06/09/2015,94114,B05,06,5131,8,29,1,2,2,3,1000,500,0,0,1,111 building fire,11 extinguishment by fire service personnel,419 1 or 2 family dwelling,21 bedroom - < 5 persons; included are jail or prison,2 unintentional,"10 misuse of material or product, other","60 heat from other open flame or smoking materials, other","31 mattress, pillow",n none,2 in normal use,1 present,1 smoke,3 detector failed to operate,n none present,8,Castro/Upper Market,63,4
12/10/2015,94110,B06,11,5613,17,64,4,7,2,3,400000,250000,0,0,0,111 building fire,11 extinguishment by fire service personnel,"519 food and beverage sales, grocery store","41 storage room, area, tank, or bin",2 unintentional,nn none,13 electrical arcing,"81 electrical wire, cable insulation",n none,2 in normal use,1 present,1 smoke,2 detector operated,n none present,9,Mission,198,5
01/14/2016,94102,B02,03,1554,9,33,1,2,2,3,600,50,0,0,0,111 building fire,11 extinguishment by fire service personnel,"439 boarding/rooming house, residential hotels",21 bedroom - < 5 persons; included are jail or prison,1 intentional,"10 misuse of material or product, other","65 lighter: cigarette, cigar","30 soft goods, wearing apparel, other",n none,2 in normal use,1 present,3 combination smoke and heat in a single unit,2 detector operated,1 present,6,Tenderloin,109,3
11/25/2015,94122,B08,23,7631,9,32,2,3,2,3,25000,10000,0,0,0,111 building fire,"10 fire control or extinguishment, other",419 1 or 2 family dwelling,"02 exterior stairway, ramp, or fire escape",2 unintentional,18 improper container or storage procedure,"40 hot or smoldering object, other","72 light vegetation - not crop, including grass",n none,2 in normal use,1 present,1 smoke,2 detector operated,n none present,4,Sunset/Parkside,158,2
10/16/2015,94118,B07,31,7113,29,107,5,8,4,5,4000000,500000,0,0,0,111 building fire,"10 fire control or extinguishment, other",429 multifamily dwelling,"70 structural area, other",2 unintentional,18 improper container or storage procedure,"70 chemical, natural heat source, other","30 soft goods, wearing apparel, other",n none,2 in normal use,1 present,1 smoke,u undetermined,2 partial system present,1,Inner Richmond,1084,3
07/15/2015,94102,B03,01,1365,0,0,0,0,1,1,1000,100,0,0,0,111 building fire,87 investigate fire out on arrival,"449 hotel/motel, commercial","01 hallway corridor, mall",1 intentional,"10 misuse of material or product, other","65 lighter: cigarette, cigar","59 rolled, wound material (paper and fabrics)",4 possibly mentally disabled,2 in normal use,1 present,1 smoke,2 detector operated,1 present,6,Tenderloin,156,0
08/23/2015,94112,B09,43,6155,9,33,2,3,2,3,150000,5000,0,0,0,111 building fire,"10 fire control or extinguishment, other","400 residential, other",97 multiple areas,1 intentional,nn none,uu undetermined,uu undetermined,n none,2 in normal use,1 present,1 smoke,2 detector operated,n none present,11,Excelsior,244,2
12/28/2015,94115,B04,38,3436,11,39,4,6,2,3,350000,150000,0,0,0,111 building fire,11 extinguishment by fire service personnel,419 1 or 2 family dwelling,"47 vehicle storage area; garage, carport",2 unintentional,23 leak or break,uu undetermined,uu undetermined,n none,2 in normal use,1 present,3 combination smoke and heat in a single unit,2 detector operated,n none present,2,Pacific Heights,200,2
06/08/2015,94123,B04,16,3443,10,37,2,3,2,3,100000,75000,0,0,0,111 building fire,11 extinguishment by fire service personnel,"500 mercantile, business, other","65 maintenance shop or area, paint shop or area",2 unintentional,"30 electrical failure, malfunction, other",13 electrical arcing,"20 furniture, utensils, other",n none,2 in normal use,1 present,3 combination smoke and heat in a single unit,2 detector operated,n none present,2,Marina,221,5
04/11/2015,94115,B05,21,4254,9,33,2,3,2,3,1000,100,0,0,0,111 building fire,86 investigate,429 multifamily dwelling,"72 exterior balcony, unenclosed porch",2 unintentional,uu undetermined,61 cigarette,uu undetermined,n none,2 in normal use,1 present,1 smoke,2 detector operated,n none present,5,Western Addition,114,3
05/25/2015,94115,B04,38,3652,9,33,2,3,2,3,175000,50000,0,0,0,111 building fire,11 extinguishment by fire service personnel,429 multifamily dwelling,"20 function areas, other",u cause undetermined after investigation,uu undetermined,uu undetermined,"92 magazine, newspaper, writing paper",n none,2 in normal use,1 present,1 smoke,u undetermined,n none present,2,Pacific Heights,242,2
04/29/2015,94110,B02,07,5422,10,37,2,3,2,3,250000,75000,0,0,1,111 building fire,11 extinguishment by fire service personnel,429 multifamily dwelling,"26 laundry area, wash house (laundry)",u cause undetermined after investigation,uu undetermined,uu undetermined,uu undetermined,n none,2 in normal use,1 present,1 smoke,u undetermined,n none present,8,Mission,233,0
06/03/2015,94110,B06,11,5613,10,36,2,3,2,3,240000,25000,0,0,0,111 building fire,"10 fire control or extinguishment, other",429 multifamily dwelling,98 vacant structural area,2 unintentional,11 abandoned or discarded materials or products,63 heat from undetermined smoking material,uu undetermined,n none,2 in normal use,1 present,1 smoke,u undetermined,u undetermined,9,Mission,190,4
08/15/2015,94103,B02,36,5115,13,51,3,5,2,3,110000,50000,0,0,0,111 building fire,11 extinguishment by fire service personnel,429 multifamily dwelling,"24 cooking area, kitchen",2 unintentional,nn none,"11 spark, ember, or flame from operating equipment","76 cooking materials, including edible materials",n none,2 in normal use,1 present,1 smoke,u undetermined,n none present,6,Mission,258,4
07/25/2015,94109,B04,03,1544,4,16,0,0,1,1,1000,0,0,0,0,111 building fire,"50 fires, rescues & hazardous conditions, other","439 boarding/rooming house, residential hotels",76 wall surface: exterior,1 intentional,"10 misuse of material or product, other","65 lighter: cigarette, cigar","00 item first ignited, other",n none,2 in normal use,1 present,1 smoke,1 fire too small to activate detector,1 present,6,Tenderloin,229,7
11/11/2015,94118,B07,10,4446,9,32,1,2,1,2,100,2000,0,0,0,"113 cooking fire, confined to container",87 investigate fire out on arrival,429 multifamily dwelling,"24 cooking area, kitchen",1 intentional,"10 misuse of material or product, other","10 heat from powered equipment, other","00 item first ignited, other",n none,2 in normal use,1 present,5 more than one type present,u undetermined,u undetermined,2,Presidio Heights,67,2
08/24/2015,94110,B06,07,5447,18,68,3,5,2,3,900000,150000,0,0,0,111 building fire,11 extinguishment by fire service personnel,459 residential board and care,21 bedroom - < 5 persons; included are jail or prison,2 unintentional,nn none,13 electrical arcing,"00 item first ignited, other",n none,2 in normal use,1 present,1 smoke,2 detector operated,n none present,9,Mission,578,3
02/05/2016,94103,B03,01,2213,3,10,0,0,1,1,5000,3000,0,0,0,111 building fire,86 investigate,"241 adult education center, college classroom","25 bathroom, checkroom, lavatory, locker room",1 intentional,nn none,"65 lighter: cigarette, cigar","00 item first ignited, other",3 unattended or unsupervised person,2 in normal use,1 present,1 smoke,2 detector operated,1 present,6,South of Market,82,7
10/26/2015,94103,B02,06,5127,11,42,2,3,2,3,120000,20000,0,0,0,111 building fire,11 extinguishment by fire service personnel,429 multifamily dwelling,"70 structural area, other",u cause undetermined after investigation,nn none,uu undetermined,uu undetermined,n none,2 in normal use,1 present,1 smoke,2 detector operated,n none present,8,Castro/Upper Market,218,2
09/09/2015,94117,B05,06,3635,15,55,2,3,2,3,80000,15000,0,0,0,111 building fire,11 extinguishment by fire service personnel,419 1 or 2 family dwelling,"47 vehicle storage area; garage, carport",2 unintentional,"30 electrical failure, malfunction, other",00 heat source: other,"81 electrical wire, cable insulation",n none,2 in normal use,1 present,1 smoke,2 detector operated,n none present,8,Haight Ashbury,105,4
03/17/2016,94110,B06,09,5622,8,28,1,2,2,3,500,50,0,0,0,111 building fire,11 extinguishment by fire service personnel,419 1 or 2 family dwelling,97 multiple areas,1 intentional,"00 factors contributing to ignition, other","60 heat from other open flame or smoking materials, other","92 magazine, newspaper, writing paper",4 possibly mentally disabled,2 in normal use,1 present,1 smoke,1 fire too small to activate detector,n none present,9,Mission,78,5
06/27/2015,94124,B10,17,6612,10,37,3,5,2,3,100000,15000,0,0,0,111 building fire,11 extinguishment by fire service personnel,419 1 or 2 family dwelling,"90 outside area, other",u cause undetermined after investigation,11 abandoned or discarded materials or products,uu undetermined,uu undetermined,n none,2 in normal use,1 present,1 smoke,3 detector failed to operate,n none present,10,Bayview Hunters Point,220,3
05/11/2016,94124,B10,17,6621,3,10,0,0,0,0,500,100,0,0,0,111 building fire,11 extinguishment by fire service personnel,419 1 or 2 family dwelling,"26 laundry area, wash house (laundry)",2 unintentional,53 equipment unattended,12 radiated or conducted heat from operating equipment,34 wearing apparel not on a person,n none,2 in normal use,1 present,1 smoke,2 detector operated,n none present,10,Bayview Hunters Point,24,7
03/30/2015,94110,B10,37,2552,8,28,1,2,2,3,5000,500,0,0,0,111 building fire,86 investigate,331 hospital - medical or psychiatric,"25 bathroom, checkroom, lavatory, locker room",1 intentional,uu undetermined,"65 lighter: cigarette, cigar",uu undetermined,4 possibly mentally disabled,2 in normal use,1 present,u undetermined,2 detector operated,n none present,10,Potrero Hill,75,3
04/29/2015,94123,B04,16,4326,17,61,4,6,2,3,300000,100000,0,0,0,111 building fire,86 investigate,"519 food and beverage sales, grocery store","75 wall assembly, concealed wall space",u cause undetermined after investigation,uu undetermined,uu undetermined,uu undetermined,n none,2 in normal use,1 present,1 smoke,2 detector operated,n none present,2,Marina,236,27
02/01/2016,94121,B07,14,0724,9,32,2,3,2,3,10000,0,0,0,0,111 building fire,11 extinguishment by fire service personnel,215 high school/junior high school/middle school,"01 hallway corridor, mall",1 intentional,"10 misuse of material or product, other","65 lighter: cigarette, cigar","59 rolled, wound material (paper and fabrics)",n none,2 in normal use,1 present,2 heat,2 detector operated,1 present,1,Outer Richmond,185,5
07/18/2015,94103,B03,01,2251,11,43,2,3,2,3,15000,0,0,0,0,111 building fire,11 extinguishment by fire service personnel,"500 mercantile, business, other","90 outside area, other",u cause undetermined after investigation,uu undetermined,uu undetermined,uu undetermined,n none,2 in normal use,1 present,1 smoke,3 detector failed to operate,n none present,6,South of Market,127,2
05/12/2015,94110,B06,11,5577,8,29,1,2,1,2,15000,1000,0,0,0,111 building fire,11 extinguishment by fire service personnel,429 multifamily dwelling,"02 exterior stairway, ramp, or fire escape",2 unintentional,11 abandoned or discarded materials or products,63 heat from undetermined smoking material,"12 exterior sidewall covering, surface, finish",n none,2 in normal use,1 present,1 smoke,1 fire too small to activate detector,n none present,8,Noe Valley,47,3
07/18/2015,94114,B05,06,5232,10,37,3,4,2,3,50000,2000,0,0,0,111 building fire,11 extinguishment by fire service personnel,419 1 or 2 family dwelling,"90 outside area, other",2 unintentional,11 abandoned or discarded materials or products,61 cigarette,"72 light vegetation - not crop, including grass",n none,2 in normal use,1 present,1 smoke,2 detector operated,n none present,8,Castro/Upper Market,113,4
07/18/2015,94109,B02,03,1545,2,7,0,0,1,1,550,0,0,0,0,"118 trash or rubbish fire, contained",12 salvage & overhaul,"439 boarding/rooming house, residential hotels","46 chute/container - trash, rubbish, waste",1 intentional,"00 factors contributing to ignition, other","65 lighter: cigarette, cigar","96 rubbish, trash, waste",n none,2 in normal use,1 present,1 smoke,1 fire too small to activate detector,1 present,6,Tenderloin,135,6
07/12/2015,94134,B09,43,6243,10,37,2,3,2,3,40000,10000,0,0,0,111 building fire,11 extinguishment by fire service personnel,419 1 or 2 family dwelling,"24 cooking area, kitchen",2 unintentional,"10 misuse of material or product, other",66 candle,"10 structural component or finish, other",n none,2 in normal use,1 present,1 smoke,2 detector operated,n none present,10,Visitacion Valley,215,4
11/01/2015,94110,B06,07,5614,8,28,1,2,2,3,10000,4000,0,0,0,111 building fire,11 extinguishment by fire service personnel,419 1 or 2 family dwelling,21 bedroom - < 5 persons; included are jail or prison,u cause undetermined after investigation,"10 misuse of material or product, other","65 lighter: cigarette, cigar","32 bedding; blanket, sheet, comforter",n none,2 in normal use,1 present,3 combination smoke and heat in a single unit,2 detector operated,1 present,9,Mission,94,5
11/03/2015,94110,B02,07,5423,9,30,1,2,2,3,20000,5000,0,0,1,111 building fire,11 extinguishment by fire service personnel,"439 boarding/rooming house, residential hotels",21 bedroom - < 5 persons; included are jail or prison,2 unintentional,"10 misuse of material or product, other","65 lighter: cigarette, cigar","30 soft goods, wearing apparel, other",n none,2 in normal use,1 present,"4 sprinkler, water flow detection",2 detector operated,1 present,9,Mission,89,3
12/23/2010,94107,B03,08,2175,3,10,0,0,0,0,3000,1000,1,0,1,111 - building fire,11 - extinguish,"400 - residential, other",21 - bedroom-<5 persons; inc. jail or pris,2 - unintentional,nn - none,66 - candle,"32 - bedding; blanket, sheet, comforter",n - none,2 -in normal use,1 -present,5 -more than one type present,2 -detector operated,1 -present,6,Financial District/South Beach,187,6
06/17/2014,94124,B10,44,6575,11,35,2,3,1,2,500,200,0,0,0,111 building fire,86 investigate,419 1 or 2 family dwelling,"72 exterior balcony, unenclosed porch",u cause undetermined after investigation,uu undetermined,uu undetermined,uu undetermined,n none,2 in normal use,1 present,1 smoke,2 detector operated,n none present,10,Bayview Hunters Point,92,4
12/06/2010,94107,B10,37,2614,2,9,0,0,0,0,6000,1,0,0,0,131 - passenger vehicle fire,11 - extinguish,"962 - residential street, road or residential dr",81 - operator/passenger area/transport equ,1 - intentional,nn - none,60 - heat; other open flame/smoking materi,65 - flammable liquid/gas - uncontained,n - none,-,-,-,-,-,10,Potrero Hill,13,2
02/03/2011,94124,B10,17,6615,3,10,0,0,0,0,22000,1,0,0,0,131 - passenger vehicle fire,11 - extinguish,963 - street or road in commercial area,81 - operator/passenger area/transport equ,1 - intentional,uu - undetermined,uu - undetermined,uu - undetermined,n - none,-,-,-,-,-,10,Bayview Hunters Point,48,3
09/20/2013,94123,B04,16,4323,10,36,2,3,0,0,200000,75000,1,0,1,111 - building fire,86 - investigate,419 - 1 or 2 family dwelling,21 - bedroom-<5 persons; inc. jail or pris,1 - intentional,"10 - misuse of material or product, other",60 - heat; other open flame/smoking materi,"37 - raw goods, incl. fabrics and yarn",n - none,2 -in normal use,1 -present,1 -smoke,2 -detector operated,n -none present,2,Marina,253,6
12/01/2006,94103,B02,01,2318,1,4,0,0,0,0,500,10000,0,0,0,131 - passenger vehicle fire,11 - extinguish,"960 - street, other","80 - vehicle area, other",1 - intentional,nn - none,60 - heat; other open flame/smoking materi,"21 - upholstered sofa, chair, vehicle seat",n - none,-,-,-,-,-,6,South of Market,30,4
12/11/2013,94110,B02,07,5236,12,39,2,3,0,0,100000,50,0,0,2,111 - building fire,86 - investigate,429 - multifamily dwellings,03 - interior stairway or ramp,1 - intentional,"10 - misuse of material or product, other",60 - heat; other open flame/smoking materi,64 - flam liq/gas in container or pipe,n - none,2 -in normal use,1 -present,1 -smoke,2 -detector operated,n -none present,9,Mission,105,5
04/03/2014,94103,B02,36,2337,11,36,1,2,1,2,800,200,0,0,0,111 building fire,11 extinguishment by fire service personnel,"449 hotel/motel, commercial","25 bathroom, checkroom, lavatory, locker room",u cause undetermined after investigation,"10 misuse of material or product, other",undetermined undetermined,uu undetermined,2 possibly impaired by alcohol or drugs,2 in normal use,1 present,u undetermined,3 detector failed to operate,u undetermined,6,South of Market,99,1
03/11/2014,94115,B02,05,3425,10,32,0,0,0,0,5000,2000,0,0,0,111 - building fire,11 - extinguish,"400 - residential, other",21 - bedroom-<5 persons; inc. jail or pris,2 - unintentional,11 - abandoned or discarded materials or p,"10 - heat from powered equipment, other","32 - bedding; blanket, sheet, comforter",n - none,2 -in normal use,u -undetermined,-,-,u -undetermined,5,Western Addition,82,3
01/29/2015,94109,B04,03,1556,17,64,3,5,2,3,2500000,300000,0,0,0,111 building fire,86 investigate,429 multifamily dwelling,21 bedroom - < 5 persons; included are jail or prison,2 unintentional,uu undetermined,"10 heat from powered equipment, other",uu undetermined,n none,2 in normal use,1 present,1 smoke,2 detector operated,n none present,6,Tenderloin,455,2
04/15/2014,94103,B02,06,5127,23,72,0,0,0,0,100000,50000,0,0,0,111 building fire,86 investigate,429 multifamily dwelling,"90 outside area, other",u cause undetermined after investigation,uu undetermined,undetermined undetermined,"11 exterior roof covering, surface, finish",n none,2 in normal use,1 present,1 smoke,2 detector operated,n none present,8,Mission,223,2
07/29/2013,94102,B02,03,1554,11,37,2,3,0,0,1500,100,0,0,0,111 - building fire,86 - investigate,"439 - boarding/rooming house, res. hotels","25 - bathroom, checkroom, locker room",1 - intentional,"10 - misuse of material or product, other",60 - heat; other open flame/smoking materi,65 - flammable liquid/gas - uncontained,n - none,2 -in normal use,n -not present,-,-,n -none present,6,Tenderloin,110,2
07/23/2013,94114,B02,06,5213,10,36,2,3,0,0,1500,0,0,0,0,111 - building fire,11 - extinguish,131 - church/mosque/synagogue/temple/chapel,"05 - entrance way, lobby",1 - intentional,"10 - misuse of material or product, other",60 - heat; other open flame/smoking materi,"13 - exterior trim, including doors",n - none,2 -in normal use,n -not present,-,-,1 -present,8,Castro/Upper Market,45,4
05/11/2007,94103,B02,36,5215,10,30,1,2,0,0,350000,30000,0,0,0,111 - building fire,11 - extinguish,419 - 1 or 2 family dwelling,"93 - courtyard, patio, porch, terrace",u - cause undetermined after investigation,12 - heat source too close to combustibles,uu - undetermined,uu - undetermined,n - none,2 -in normal use,u -undetermined,-,-,n -none present,9,Mission,169,3
01/02/2008,94124,B10,17,6577,2,6,0,0,0,0,16000,50,0,0,0,131 - passenger vehicle fire,11 - extinguish,"962 - residential street, road or residential dr",81 - operator/passenger area/transport equ,1 - intentional,nn - none,60 - heat; other open flame/smoking materi,"92 - magazine, newspaper, writing paper",n - none,-,-,-,-,-,10,Bayview Hunters Point,45,7
09/26/2007,94112,B09,43,6173,5,19,0,0,0,0,0,6276,0,0,0,143 - grass fire,11 - extinguish,931 - open land or field,"90 - outside area, other",u - cause undetermined after investigation,uu - undetermined,uu - undetermined,"72 - light vegetation - no crops, inc. gra",n - none,-,-,-,-,-,11,Excelsior,168,3
02/03/2013,94105,B03,35,2117,5,15,0,0,0,0,20000,20000,0,0,0,111 - building fire,"10 - fire, other","500 - mercantile, business, other",27 - office,1 - intentional,"10 - misuse of material or product, other","42 - molten, hot material","59 - rolled, wound material (paper, fabric",n - none,2 -in normal use,1 -present,"4 -sprinkler, water flow detection",2 -detector operated,1 -present,6,Financial District/South Beach,92,5
11/08/2009,94116,B08,18,7623,3,7,0,0,0,0,50,50,0,0,0,111 - building fire,11 - extinguish,"110 - fixed use recreation places, other","25 - bathroom, checkroom, locker room",1 - intentional,nn - none,60 - heat; other open flame/smoking materi,"92 - magazine, newspaper, writing paper",n - none,2 -in normal use,u -undetermined,-,-,n -none present,4,Sunset/Parkside,126,5
07/15/2013,94102,B02,06,3524,9,31,1,2,1,2,575000,15000,1,0,1,111 - building fire,11 - extinguish,429 - multifamily dwellings,"47 - vehicle storage area; garage, carport",2 - unintentional,uu - undetermined,uu - undetermined,uu - undetermined,n - none,2 -in normal use,u -undetermined,-,-,n -none present,5,Hayes Valley,318,4
07/01/2011,94105,B01,13,1113,2,6,0,0,0,0,500,0,0,0,0,"480 - attempted burning, illegal action, other","80 - information/invest. & enforcement, other",963 - street or road in commercial area,-,-,-,-,-,-,-,-,-,-,-,6,Financial District/South Beach,65,4
12/25/2013,94117,B05,21,4254,22,79,5,9,3,3,350000,150000,0,1,0,111 building fire,11 extinguishment by fire service personnel,419 1 or 2 family dwelling,21 bedroom - < 5 persons; included are jail or prison,2 unintentional,"00 factors contributing to ignition, other",61 cigarette,"20 furniture, utensils, other",1â§2 asleepâ§possibly impaired by alcohol or drugs,2 in normal use,1 present,1 smoke,3 detector failed to operate,n none present,5,Western Addition,828,1
01/17/2014,94124,B10,42,6447,9,32,1,2,0,0,80000,15000,0,0,3,111 - building fire,11 - extinguish,429 - multifamily dwellings,21 - bedroom-<5 persons; inc. jail or pris,2 - unintentional,12 - heat source too close to combustibles,66 - candle,uu - undetermined,1 - asleep,2 -in normal use,u -undetermined,-,-,n -none present,10,Bayview Hunters Point,228,4
02/03/2007,94130,B03,48,2931,2,9,0,0,0,0,500,500,0,0,0,111 - building fire,86 - investigate,419 - 1 or 2 family dwelling,03 - interior stairway or ramp,1 - intentional,uu - undetermined,60 - heat; other open flame/smoking materi,"32 - bedding; blanket, sheet, comforter",n - none,2 -in normal use,u -undetermined,-,-,n -none present,6,Treasure Island,31,6
02/28/2013,94112,B09,43,6221,11,38,0,0,0,0,100000,75000,0,0,1,111 - building fire,"10 - fire, other",419 - 1 or 2 family dwelling,21 - bedroom-<5 persons; inc. jail or pris,2 - unintentional,"20 - mechanical failure, malfunction, othe","10 - heat from powered equipment, other","31 - mattress, pillow",n - none,2 -in normal use,n -not present,-,-,n -none present,11,Excelsior,176,4
11/21/2014,94124,B10,17,6516,9,32,2,3,2,3,150000,75000,0,0,0,111 building fire,11 extinguishment by fire service personnel,"519 food and beverage sales, grocery store","24 cooking area, kitchen",1 intentional,"10 misuse of material or product, other",64 match,"59 rolled, wound material (paper and fabrics)",n none,2 in normal use,1 present,1 smoke,2 detector operated,n none present,10,Bayview Hunters Point,184,3
02/03/2011,94114,B05,06,5252,10,34,1,2,0,0,100000,5000,1,0,1,111 - building fire,11 - extinguish,419 - 1 or 2 family dwelling,"86 - exterior, exposed surface",1 - intentional,"10 - misuse of material or product, other",uu - undetermined,uu - undetermined,n - none,4 -under major renovation,n -not present,-,-,n -none present,8,Castro/Upper Market,376,6
04/04/2013,94109,B02,03,1555,10,36,2,3,0,0,200,0,0,0,0,111 - building fire,11 - extinguish,"439 - boarding/rooming house, res. hotels",21 - bedroom-<5 persons; inc. jail or pris,1 - intentional,12 - heat source too close to combustibles,uu - undetermined,"00 - item first ignited, other",n - none,2 -in normal use,1 -present,2 -heat,2 -detector operated,1 -present,6,Tenderloin,107,3
11/09/2014,94102,B03,01,1456,9,31,1,2,1,2,500,0,0,0,0,111 building fire,12 salvage & overhaul,"439 boarding/rooming house, residential hotels","24 cooking area, kitchen",1 intentional,nn none,"65 lighter: cigarette, cigar","96 rubbish, trash, waste",4 possibly mentally disabled,2 in normal use,1 present,1 smoke,3 detector failed to operate,1 present,6,Tenderloin,12,3
07/04/2011,94102,B02,36,3423,2,5,0,0,0,0,0,30,0,0,0,164 - outside mailbox fire,86 - investigate,"962 - residential street, road or residential dr",00 - other,1 - intentional,"10 - misuse of material or product, other","50 - explosive, fireworks, other","51 - box, carton, bag, basket, barrel",n - none,-,-,-,-,-,5,Hayes Valley,63,7
10/20/2010,94109,B04,03,1557,38,124,0,0,0,0,8000000,1500000,0,0,8,111 - building fire,11 - extinguish,429 - multifamily dwellings,uu - undetermined,u - cause undetermined after investigation,uu - undetermined,uu - undetermined,uu - undetermined,n - none,2 -in normal use,u -undetermined,-,-,u -undetermined,3,Nob Hill,1641,1
02/04/2013,94114,B06,11,5522,12,37,2,3,1,4,150000,75000,0,0,0,111 - building fire,11 - extinguish,162 - bar or nightclub,13 - assembly area - less than 100 persons,2 - unintentional,nn - none,uu - undetermined,uu - undetermined,n - none,2 -in normal use,u -undetermined,-,-,n -none present,8,Noe Valley,226,5
04/07/2013,94102,B03,01,1453,11,36,0,0,0,0,0,0,0,0,0,111 - building fire,11 - extinguish,429 - multifamily dwellings,97 - multiple areas,1 - intentional,uu - undetermined,66 - candle,99 - multiple items first ignited,n - none,2 -in normal use,1 -present,u -undetermined,3 -detector failed to operate,1 -present,6,Tenderloin,125,2
04/26/2011,94134,B09,43,6241,1,4,0,0,0,0,150,0,0,0,0,112 - fires in struct. other than in a bldg.,11 - extinguish,"000 - property use, other",00 - other,1 - intentional,nn - none,60 - heat; other open flame/smoking materi,"43 - sign, inc. outdoor sign/billboards",n - none,-,-,-,-,-,10,Visitacion Valley,459,6
02/09/2011,94110,B06,32,5732,2,9,0,0,0,0,2000,1,0,0,0,131 - passenger vehicle fire,11 - extinguish,"960 - street, other","83 - engine area, running gear, wheel area",5 - cause under investigation,uu - undetermined,97 - multiple heat sources including multi,uu - undetermined,n - none,-,-,-,-,-,9,Bernal Heights,29,4
03/26/2005,94103,B02,01,2318,3,11,0,0,0,0,200000,200000,0,0,0,111 - building fire,11 - extinguish,642 - electrical distribution,"60 - equipment or service area, other",5 - cause under investigation,-,13 - arcing,"81 - electrical wire, cable insulation",-,2 -in normal use,1 -present,u -undetermined,u -undetermined,n -none present,6,South of Market,192,0
09/11/2010,94102,B03,01,1456,10,33,0,0,0,0,0,40,0,0,0,111 - building fire,86 - investigate,"439 - boarding/rooming house, res. hotels",21 - bedroom-<5 persons; inc. jail or pris,1 - intentional,nn - none,60 - heat; other open flame/smoking materi,"31 - mattress, pillow",n - none,2 -in normal use,u -undetermined,-,-,u -undetermined,6,Tenderloin,72,3
01/09/2010,94102,B03,01,1453,4,16,0,0,0,0,10000,500,0,0,0,111 - building fire,11 - extinguish,"439 - boarding/rooming house, res. hotels",21 - bedroom-<5 persons; inc. jail or pris,1 - intentional,16 - flammable liquid used to kindle fire,60 - heat; other open flame/smoking materi,65 - flammable liquid/gas - uncontained,n - none,2 -in normal use,1 -present,u -undetermined,2 -detector operated,1 -present,6,Tenderloin,94,5
06/19/2014,94124,B10,17,6574,10,34,3,5,1,2,5000,5000,0,0,0,111 building fire,86 investigate,419 1 or 2 family dwelling,"41 storage room, area, tank, or bin",2 unintentional,"20 mechanical failure, malfunction, other","10 heat from powered equipment, other","00 item first ignited, other",n none,2 in normal use,1 present,1 smoke,2 detector operated,n none present,10,Bayview Hunters Point,177,6
09/10/2012,94124,B10,17,6615,2,9,0,0,1,1,9000,1000,0,0,0,131 - passenger vehicle fire,86 - investigate,nnn - none,00 - other,1 - intentional,00 - other factor contributed to ignition,56 - incendiary device,"00 - item first ignited, other",n - none,-,-,-,-,-,10,Bayview Hunters Point,79,5
11/29/2009,94110,B10,07,2553,1,4,0,0,0,0,5000,100,0,0,0,131 - passenger vehicle fire,11 - extinguish,"140 - clubs, other",81 - operator/passenger area/transport equ,2 - unintentional,nn - none,uu - undetermined,"81 - electrical wire, cable insulation",n - none,-,-,-,-,-,9,Mission,37,7
04/12/2014,94116,B08,40,7441,10,35,3,5,1,1,150000,15000,0,0,2,111 building fire,86 investigate,419 1 or 2 family dwelling,"24 cooking area, kitchen",2 unintentional,11 abandoned or discarded materials or products,radiated or conducted heat from operating equipment radiated or conducted heat from operating equipment,"76 cooking materials, including edible materials",n none,2 in normal use,1 present,1 smoke,2 detector operated,n none present,4,Sunset/Parkside,188,6
12/02/2010,94102,B02,03,1554,9,31,1,2,0,0,45000,16000,0,0,0,111 - building fire,11 - extinguish,429 - multifamily dwellings,"24 - cooking area, kitchen",2 - unintentional,"10 - misuse of material or product, other","10 - heat from powered equipment, other","76 - cooking materials, inc. edible materi",3 - unattended or unsupervised person,2 -in normal use,u -undetermined,-,-,2 -partial system present,6,Tenderloin,207,3
01/29/2013,94112,B09,43,6157,10,31,0,0,0,0,1000,40,0,0,0,111 - building fire,12 - salvage & overhaul,419 - 1 or 2 family dwelling,"47 - vehicle storage area; garage, carport",1 - intentional,19 - playing with heat source,60 - heat; other open flame/smoking materi,"50 - storage supplies, other",n - none,2 -in normal use,n -not present,-,-,n -none present,11,Excelsior,87,3
07/04/2014,94115,B05,05,3625,9,30,1,2,1,1,1000,200,0,0,0,111 building fire,86 investigate,459 residential board and care,"25 bathroom, checkroom, lavatory, locker room",1 intentional,uu undetermined,00 heat source: other,"59 rolled, wound material (paper and fabrics)",n none,2 in normal use,1 present,1 smoke,2 detector operated,1 present,5,Western Addition,93,2
06/27/2014,94103,B02,07,5216,9,31,1,2,1,1,3500,600,0,0,0,112 fires in structure other than in a building,12 salvage & overhaul,429 multifamily dwelling,21 bedroom - < 5 persons; included are jail or prison,u cause undetermined after investigation,uu undetermined,"65 lighter: cigarette, cigar",34 wearing apparel not on a person,2 possibly impaired by alcohol or drugs,2 in normal use,1 present,1 smoke,2 detector operated,1 present,9,Mission,121,6
07/28/2013,94117,B05,12,4553,11,38,0,0,0,0,10000,3000,0,0,0,111 - building fire,11 - extinguish,429 - multifamily dwellings,"09 - egress/exit, other",2 - unintentional,nn - none,63 - heat from undetermined smoking materi,"96 - rubbish, trash, or waste",n - none,2 -in normal use,1 -present,u -undetermined,1 -fire too small to activate detector,u -undetermined,5,Haight Ashbury,100,3
09/07/2011,94124,B10,17,6647,1,4,0,0,0,0,1700,1,0,0,0,131 - passenger vehicle fire,11 - extinguish,"962 - residential street, road or residential dr",uu - undetermined,5 - cause under investigation,uu - undetermined,uu - undetermined,uu - undetermined,n - none,-,-,-,-,-,10,Bayview Hunters Point,33,4
09/10/2014,94116,B08,40,7444,3,10,0,0,1,2,0,0,0,0,0,"118 trash or rubbish fire, contained",86 investigate,215 high school/junior high school/middle school,"25 bathroom, checkroom, lavatory, locker room",u cause undetermined after investigation,uu undetermined,uu undetermined,"92 magazine, newspaper, writing paper",n none,2 in normal use,1 present,1 smoke,1 fire too small to activate detector,u undetermined,4,Sunset/Parkside,111,9
09/30/2011,94103,B02,29,2353,2,9,0,0,0,0,300,1,0,0,0,131 - passenger vehicle fire,11 - extinguish,965 - vehicle parking area,81 - operator/passenger area/transport equ,1 - intentional,uu - undetermined,uu - undetermined,"00 - item first ignited, other",n - none,-,-,-,-,-,10,Mission Bay,37,4
05/22/2010,94109,B04,03,1641,11,38,0,0,0,0,5000,0,0,0,0,111 - building fire,11 - extinguish,"439 - boarding/rooming house, res. hotels","25 - bathroom, checkroom, locker room",1 - intentional,"10 - misuse of material or product, other",uu - undetermined,"59 - rolled, wound material (paper, fabric",n - none,2 -in normal use,u -undetermined,-,-,u -undetermined,3,Nob Hill,66,2
01/22/2013,94110,B06,11,5624,10,36,2,3,0,0,5000,0,0,0,0,111 - building fire,11 - extinguish,"500 - mercantile, business, other",76 - wall surface: exterior,1 - intentional,"10 - misuse of material or product, other",64 - match,"44 - chips, including wood chips",n - none,2 -in normal use,n -not present,-,-,n -none present,9,Bernal Heights,105,3
09/27/2011,94117,B02,06,3524,36,110,0,0,0,0,1800000,350000,0,0,1,111 - building fire,11 - extinguish,429 - multifamily dwellings,21 - bedroom-<5 persons; inc. jail or pris,u - cause undetermined after investigation,uu - undetermined,uu - undetermined,uu - undetermined,n - none,2 -in normal use,1 -present,u -undetermined,u -undetermined,u -undetermined,5,Hayes Valley,885,3
02/13/2013,94114,B02,06,5213,4,12,0,0,0,0,5000,0,0,0,0,111 - building fire,11 - extinguish,131 - church/mosque/synagogue/temple/chapel,"05 - entrance way, lobby",1 - intentional,nn - none,60 - heat; other open flame/smoking materi,"92 - magazine, newspaper, writing paper",n - none,2 -in normal use,1 -present,u -undetermined,2 -detector operated,u -undetermined,8,Castro/Upper Market,66,5
05/13/2011,94110,B06,07,5446,35,102,0,0,0,0,600000,350000,0,0,0,111 - building fire,11 - extinguish,419 - 1 or 2 family dwelling,"72 - exterior balcony, unenclosed porch",u - cause undetermined after investigation,uu - undetermined,uu - undetermined,17 - structural member or framing,n - none,2 -in normal use,u -undetermined,-,-,n -none present,9,Mission,565,2
10/15/2012,94103,B03,01,1364,2,6,0,0,0,0,500,0,0,0,0,481 - attempt to burn,"80 - information/invest. & enforcement, other",963 - street or road in commercial area,-,-,-,-,-,-,-,-,-,-,-,6,South of Market,77,5
08/30/2010,94115,B04,05,3623,9,31,0,0,0,0,0,0,0,0,0,"118 - trash or rubbish fire, contained","10 - fire, other",963 - street or road in commercial area,-,-,-,-,-,-,-,-,-,-,-,5,Western Addition,13,4
03/04/2015,94109,B04,41,3123,9,33,2,3,2,3,25000,5000,0,0,0,111 building fire,11 extinguishment by fire service personnel,"000 property use, other","47 vehicle storage area; garage, carport",2 unintentional,11 abandoned or discarded materials or products,63 heat from undetermined smoking material,"50 storage supplies, other",n none,2 in normal use,1 present,1 smoke,2 detector operated,n none present,3,Nob Hill,184,3
03/19/2011,94110,B10,32,5726,10,35,0,0,0,0,390000,35000,0,0,0,111 - building fire,11 - extinguish,429 - multifamily dwellings,"24 - cooking area, kitchen",2 - unintentional,nn - none,"10 - heat from powered equipment, other",65 - flammable liquid/gas - uncontained,n - none,2 -in normal use,1 -present,1 -smoke,u -undetermined,n -none present,9,Bernal Heights,513,4
07/27/2009,94124,B10,09,6377,1,4,0,0,1,5,1000,200,0,0,0,"130 - mobile property (vehicle) fire, other",11 - extinguish,"960 - street, other",81 - operator/passenger area/transport equ,2 - unintentional,53 - equipment unattended,"10 - heat from powered equipment, other","21 - upholstered sofa, chair, vehicle seat",n - none,-,-,-,-,-,10,Bayview Hunters Point,22,3
06/26/2013,94103,B02,36,2335,2,3,0,0,0,0,500,0,0,0,0,111 - building fire,87 - investigate - fire out on arrival,429 - multifamily dwellings,"01 - corridor, mall",1 - intentional,nn - none,60 - heat; other open flame/smoking materi,63 - flam liq/gas-in/from final container,n - none,2 -in normal use,1 -present,u -undetermined,1 -fire too small to activate detector,1 -present,6,South of Market,168,7
10/03/2014,94124,B10,25,6515,10,28,1,2,1,1,300,0,0,0,0,111 building fire,86 investigate,419 1 or 2 family dwelling,42 closet,1 intentional,uu undetermined,"60 heat from other open flame or smoking materials, other",34 wearing apparel not on a person,n none,6 vacant and unsecured,1 present,1 smoke,2 detector operated,n none present,10,Bayview Hunters Point,55,3
08/13/2013,94112,B09,32,6114,3,11,0,0,0,0,1000,20,0,0,0,111 - building fire,12 - salvage & overhaul,"311 - 24-hr care nurse homes, 4 or more person","25 - bathroom, checkroom, locker room",2 - unintentional,uu - undetermined,uu - undetermined,uu - undetermined,n - none,2 -in normal use,n -not present,-,-,u -undetermined,11,Excelsior,116,4
02/04/2008,94110,B10,09,2624,2,9,0,0,1,2,1000,100,0,0,0,131 - passenger vehicle fire,11 - extinguish,"960 - street, other",81 - operator/passenger area/transport equ,u - cause undetermined after investigation,uu - undetermined,uu - undetermined,"00 - item first ignited, other",3 - unattended or unsupervised person,-,-,-,-,-,9,Mission,14,4
02/02/2015,94110,B02,07,5247,4,15,1,1,1,1,50,5,0,0,0,111 building fire,86 investigate,429 multifamily dwelling,"01 hallway corridor, mall",1 intentional,"10 misuse of material or product, other",64 match,63 flammable liquid/gas - in/from final container,4 possibly mentally disabled,2 in normal use,1 present,1 smoke,2 detector operated,1 present,8,Mission,101,2
07/17/2014,94112,B09,33,8464,13,48,2,3,1,2,300000,50000,0,0,1,111 building fire,11 extinguishment by fire service personnel,419 1 or 2 family dwelling,21 bedroom - < 5 persons; included are jail or prison,2 unintentional,"30 electrical failure, malfunction, other",13 electrical arcing,uu undetermined,n none,2 in normal use,1 present,1 smoke,u undetermined,n none present,11,Oceanview/Merced/Ingleside,201,4
11/22/2013,94109,B04,03,3261,3,11,0,0,1,1,100,0,0,0,0,111 - building fire,"00 - action taken, other","130 - places of worship, funeral parlors","09 - egress/exit, other",1 - intentional,00 - other factor contributed to ignition,56 - incendiary device,"59 - rolled, wound material (paper, fabric",n - none,2 -in normal use,1 -present,u -undetermined,2 -detector operated,u -undetermined,5,Western Addition,169,3
01/20/2013,94112,B09,15,8267,10,36,2,3,0,0,250000,100000,0,0,0,111 - building fire,11 - extinguish,419 - 1 or 2 family dwelling,21 - bedroom-<5 persons; inc. jail or pris,u - cause undetermined after investigation,uu - undetermined,uu - undetermined,"30 - soft goods, wearing apparel, other",n - none,2 -in normal use,1 -present,1 -smoke,2 -detector operated,n -none present,11,Outer Mission,181,4
10/07/2013,94115,B05,21,4254,10,36,0,0,0,0,120000,20000,0,0,0,111 - building fire,11 - extinguish,429 - multifamily dwellings,75 - wall assembly,2 - unintentional,uu - undetermined,uu - undetermined,12 - exterior wall covering or finish,n - none,2 -in normal use,1 -present,u -undetermined,u -undetermined,u -undetermined,5,Western Addition,169,2
05/25/2007,94112,B09,43,6176,4,10,0,0,0,0,500000,50,0,0,2,111 - building fire,"20 - search & rescue, other",419 - 1 or 2 family dwelling,"14 - common room, den, family/living room",2 - unintentional,nn - none,60 - heat; other open flame/smoking materi,"88 - pyrotechnics, explosives",n - none,2 -in normal use,u -undetermined,-,-,n -none present,11,Excelsior,528,10
09/26/2013,94103,B03,08,0231,4,11,0,0,0,0,400,50,0,0,0,111 - building fire,86 - investigate,"361 - jail, prison (not juvenile)","66 - cell, test",1 - intentional,"10 - misuse of material or product, other",60 - heat; other open flame/smoking materi,"59 - rolled, wound material (paper, fabric",n - none,2 -in normal use,1 -present,1 -smoke,2 -detector operated,u -undetermined,6,South of Market,210,4
01/31/2014,94124,B10,17,6653,11,34,0,0,0,0,215000,12500,0,0,0,111 - building fire,11 - extinguish,419 - 1 or 2 family dwelling,76 - wall surface: exterior,u - cause undetermined after investigation,uu - undetermined,uu - undetermined,uu - undetermined,n - none,2 -in normal use,u -undetermined,-,-,n -none present,10,Bayview Hunters Point,267,2
01/31/2015,94115,B05,21,4151,30,113,7,11,3,4,500000,100000,1,0,1,111 building fire,"10 fire control or extinguishment, other",429 multifamily dwelling,"20 function areas, other",2 unintentional,"30 electrical failure, malfunction, other",13 electrical arcing,"81 electrical wire, cable insulation",n none,2 in normal use,1 present,1 smoke,2 detector operated,n none present,5,Western Addition,461,3
01/07/2008,94132,B08,19,8714,2,9,0,0,1,1,4000,200,0,0,0,131 - passenger vehicle fire,"10 - fire, other","962 - residential street, road or residential dr",81 - operator/passenger area/transport equ,5 - cause under investigation,uu - undetermined,uu - undetermined,"21 - upholstered sofa, chair, vehicle seat",n - none,-,-,-,-,-,7,Lakeshore,23,5
12/27/2012,94124,B10,25,6467,10,36,4,7,0,0,40000,20000,0,0,3,111 - building fire,11 - extinguish,"439 - boarding/rooming house, res. hotels",21 - bedroom-<5 persons; inc. jail or pris,u - cause undetermined after investigation,"30 - electrical failure, malfunction, othe",uu - undetermined,"00 - item first ignited, other",n - none,2 -in normal use,u -undetermined,-,-,n -none present,10,Bayview Hunters Point,231,3
10/28/2013,94110,B06,11,5535,34,104,3,5,0,0,600000,200000,0,0,2,111 - building fire,"10 - fire, other",419 - 1 or 2 family dwelling,"47 - vehicle storage area; garage, carport",2 - unintentional,"20 - mechanical failure, malfunction, othe",11 - spark/ember/flame from operating equi,"81 - electrical wire, cable insulation",n - none,2 -in normal use,1 -present,1 -smoke,2 -detector operated,n -none present,8,Mission,446,4
06/15/2014,94121,B07,34,7267,10,34,2,3,1,2,300000,100000,0,0,0,111 building fire,86 investigate,419 1 or 2 family dwelling,27 office,2 unintentional,"30 electrical failure, malfunction, other",13 electrical arcing,"30 soft goods, wearing apparel, other",n none,2 in normal use,1 present,1 smoke,2 detector operated,n none present,1,Outer Richmond,252,3
09/18/2013,94109,B02,03,3115,2,9,0,0,0,0,5000,172,0,0,0,111 - building fire,11 - extinguish,"439 - boarding/rooming house, res. hotels","46 - chute/container - trash, rubbish, was",u - cause undetermined after investigation,uu - undetermined,uu - undetermined,"96 - rubbish, trash, or waste",n - none,2 -in normal use,1 -present,1 -smoke,3 -detector failed to operate,1 -present,6,Tenderloin,55,0
05/30/2013,94108,B01,13,1244,2,5,0,0,0,0,200,0,0,0,0,112 - fires in struct. other than in a bldg.,86 - investigate,"000 - property use, other","25 - bathroom, checkroom, locker room",1 - intentional,nn - none,60 - heat; other open flame/smoking materi,"96 - rubbish, trash, or waste",n - none,-,-,-,-,-,3,Financial District/South Beach,44,7
05/09/2012,94109,B04,03,1543,12,31,5,9,0,0,67000,83000,0,0,0,111 - building fire,11 - extinguish,429 - multifamily dwellings,21 - bedroom-<5 persons; inc. jail or pris,1 - intentional,nn - none,60 - heat; other open flame/smoking materi,99 - multiple items first ignited,n - none,2 -in normal use,1 -present,u -undetermined,2 -detector operated,u -undetermined,6,Tenderloin,437,5
08/14/2010,94103,B02,07,5236,39,111,0,0,0,0,1215000,397000,0,0,4,111 - building fire,11 - extinguish,419 - 1 or 2 family dwelling,21 - bedroom-<5 persons; inc. jail or pris,1 - intentional,nn - none,60 - heat; other open flame/smoking materi,"32 - bedding; blanket, sheet, comforter",n - none,2 -in normal use,n -not present,-,-,n -none present,9,Mission,425,2
01/28/2015,94110,B06,07,5472,54,203,8,14,3,4,4000000,4500000,0,0,7,111 building fire,"10 fire control or extinguishment, other","000 property use, other","60 equipment or service area, other",2 unintentional,nn none,"41 heat, spark from friction","10 structural component or finish, other",n none,2 in normal use,1 present,1 smoke,3 detector failed to operate,n none present,9,Mission,1234,3
03/12/2014,94109,B02,03,3221,9,31,2,3,1,2,10000,500,0,0,1,111 building fire,86 investigate,"400 residential, other",21 bedroom - < 5 persons; included are jail or prison,2 unintentional,"30 electrical failure, malfunction, other","heat from powered equipment, other heat from powered equipment, other","81 electrical wire, cable insulation",n none,2 in normal use,1 present,1 smoke,2 detector operated,n none present,5,Western Addition,77,4
08/16/2013,94112,B09,33,8374,11,38,3,3,0,0,1500,1000,0,0,0,111 - building fire,86 - investigate,"400 - residential, other",43 - storage: supplies or tools; dead stor,1 - intentional,"10 - misuse of material or product, other",60 - heat; other open flame/smoking materi,"30 - soft goods, wearing apparel, other",n - none,2 -in normal use,1 -present,1 -smoke,u -undetermined,n -none present,11,Oceanview/Merced/Ingleside,154,3
09/11/2014,94111,B01,13,1161,12,33,2,3,1,2,1500,100,0,0,0,111 building fire,86 investigate,599 business office,27 office,1 intentional,"10 misuse of material or product, other",uu undetermined,"92 magazine, newspaper, writing paper",n none,2 in normal use,1 present,1 smoke,1 fire too small to activate detector,1 present,3,Financial District/South Beach,110,2
11/25/2013,94103,B03,01,2248,10,38,0,0,0,0,500,200,0,0,0,111 - building fire,11 - extinguish,"449 - hotel/motel, commercial",21 - bedroom-<5 persons; inc. jail or pris,1 - intentional,nn - none,uu - undetermined,"31 - mattress, pillow",4 - possibly mentally disabled,2 -in normal use,1 -present,1 -smoke,u -undetermined,1 -present,6,South of Market,90,3
02/21/2015,94114,B02,06,5227,24,91,5,8,4,6,700000,150000,0,0,0,111 building fire,11 extinguishment by fire service personnel,429 multifamily dwelling,"52 conduit, pipe, utility, or ventilation shaft",2 unintentional,"30 electrical failure, malfunction, other",13 electrical arcing,"10 structural component or finish, other",n none,2 in normal use,1 present,1 smoke,u undetermined,n none present,8,Castro/Upper Market,363,3
05/01/2014,94110,B06,07,5456,10,36,2,3,1,1,1400,0,0,0,0,111 building fire,11 extinguishment by fire service personnel,"500 mercantile, business, other",76 wall surface: exterior,1 intentional,"10 misuse of material or product, other","heat from other open flame or smoking materials, other heat from other open flame or smoking materials, other",uu undetermined,n none,2 in normal use,1 present,u undetermined,1 fire too small to activate detector,u undetermined,9,Mission,81,4
05/23/2013,94122,B08,23,7717,9,31,1,2,1,1,10000,1000,0,0,0,111 - building fire,11 - extinguish,"400 - residential, other",97 - multiple areas,1 - intentional,00 - other factor contributed to ignition,11 - spark/ember/flame from operating equi,"59 - rolled, wound material (paper, fabric",4 - possibly mentally disabled,2 -in normal use,1 -present,1 -smoke,2 -detector operated,n -none present,4,Sunset/Parkside,131,3
07/26/2014,94124,B10,17,6647,12,50,4,10,3,10,120000,5000,0,0,2,111 building fire,11 extinguishment by fire service personnel,429 multifamily dwelling,21 bedroom - < 5 persons; included are jail or prison,2 unintentional,"10 misuse of material or product, other","65 lighter: cigarette, cigar","32 bedding; blanket, sheet, comforter",3 unattended or unsupervised person,2 in normal use,1 present,1 smoke,u undetermined,n none present,10,Bayview Hunters Point,132,2
05/07/2011,94127,B09,39,8662,11,31,0,0,0,0,1000,50,0,0,0,154 - dumpster/outside trash receptacle fire,11 - extinguish,"213 - elem. school, inc. kindergarten","93 - courtyard, patio, porch, terrace",1 - intentional,nn - none,60 - heat; other open flame/smoking materi,"96 - rubbish, trash, or waste",n - none,-,-,-,-,-,7,West of Twin Peaks,112,5
07/24/2008,94124,B10,17,6617,1,4,0,0,0,0,5000,100,0,0,0,131 - passenger vehicle fire,11 - extinguish,"960 - street, other","80 - vehicle area, other",u - cause undetermined after investigation,uu - undetermined,uu - undetermined,"00 - item first ignited, other",n - none,-,-,-,-,-,10,Bayview Hunters Point,79,9
08/29/2010,94115,B04,38,3363,9,31,0,0,0,0,50,25,0,0,0,112 - fires in struct. other than in a bldg.,"10 - fire, other",uuu - undetermined,"90 - outside area, other",2 - unintentional,11 - abandoned or discarded materials or p,"40 - hot or smoldering object, other","20 - furniture, utensils, other",n - none,-,-,-,-,-,5,Pacific Heights,28,3
10/09/2014,94131,B06,32,8113,12,42,2,3,1,1,12000,3000,0,0,0,111 building fire,86 investigate,419 1 or 2 family dwelling,21 bedroom - < 5 persons; included are jail or prison,1 intentional,uu undetermined,"60 heat from other open flame or smoking materials, other",uu undetermined,n none,5 vacant and secured,1 present,1 smoke,2 detector operated,n none present,8,Glen Park,115,2
07/16/2013,94102,B02,36,3423,10,36,2,3,0,0,50000,1000,0,0,1,111 - building fire,11 - extinguish,419 - 1 or 2 family dwelling,"25 - bathroom, checkroom, locker room",1 - intentional,"10 - misuse of material or product, other","10 - heat from powered equipment, other",65 - flammable liquid/gas - uncontained,n - none,2 -in normal use,n -not present,-,-,n -none present,5,Hayes Valley,134,4
10/25/2013,94110,B02,07,5247,23,72,2,3,0,0,300000,100000,0,0,0,111 - building fire,86 - investigate,161 - restaurant or cafeteria,"24 - cooking area, kitchen",2 - unintentional,"10 - misuse of material or product, other",60 - heat; other open flame/smoking materi,"70 - organic materials, other",n - none,2 -in normal use,1 -present,5 -more than one type present,2 -detector operated,1 -present,9,Mission,165,2
03/06/2007,94110,B06,32,5643,1,4,0,0,0,0,1000,1,0,0,0,131 - passenger vehicle fire,11 - extinguish,"960 - street, other",uu - undetermined,u - cause undetermined after investigation,uu - undetermined,uu - undetermined,uu - undetermined,n - none,-,-,-,-,-,9,Bernal Heights,7,5
02/15/2013,94118,B07,31,7125,9,31,1,2,0,0,131000,83000,0,0,0,111 - building fire,11 - extinguish,"400 - residential, other",76 - wall surface: exterior,3 - failure of equipment or heat source,"30 - electrical failure, malfunction, othe",13 - arcing,"10 - structural component or finish, other",n - none,2 -in normal use,u -undetermined,-,-,n -none present,1,Inner Richmond,258,4
07/04/2013,94103,B03,01,2251,10,33,0,0,0,0,0,100,0,0,0,111 - building fire,63 - restore fire alarm system,"449 - hotel/motel, commercial",21 - bedroom-<5 persons; inc. jail or pris,1 - intentional,00 - other factor contributed to ignition,65 - cigarette lighter,33 - linen; other than bedding,4 - possibly mentally disabled,2 -in normal use,1 -present,u -undetermined,3 -detector failed to operate,1 -present,6,South of Market,25,3
01/28/2013,94124,B10,44,6575,1,1,0,0,0,0,20000,250,0,0,0,111 - building fire,86 - investigate,429 - multifamily dwellings,"09 - egress/exit, other",1 - intentional,uu - undetermined,uu - undetermined,uu - undetermined,n - none,1 -under construction,1 -present,1 -smoke,2 -detector operated,n -none present,10,Bayview Hunters Point,66,15
04/05/2011,94102,B03,01,1453,54,154,0,0,0,0,1000000,250000,0,0,24,111 - building fire,11 - extinguish,429 - multifamily dwellings,uu - undetermined,u - cause undetermined after investigation,uu - undetermined,uu - undetermined,uu - undetermined,n - none,2 -in normal use,1 -present,u -undetermined,2 -detector operated,1 -present,6,Tenderloin,859,3
04/15/2014,94116,B08,18,7634,5,23,1,2,0,0,1000,150,0,0,0,111 building fire,87 investigate fire out on arrival,419 1 or 2 family dwelling,21 bedroom - < 5 persons; included are jail or prison,1 intentional,uu undetermined,"lighter: cigarette, cigar lighter: cigarette, cigar",34 wearing apparel not on a person,4 possibly mentally disabled,2 in normal use,1 present,1 smoke,2 detector operated,n none present,4,Sunset/Parkside,139,3
05/19/2013,94110,B02,07,5247,23,72,2,3,0,0,200000,75000,0,0,0,111 - building fire,"10 - fire, other",419 - 1 or 2 family dwelling,"02 - exterior stairway, ramp, or fire esca",2 - unintentional,"10 - misuse of material or product, other",60 - heat; other open flame/smoking materi,"96 - rubbish, trash, or waste",n - none,2 -in normal use,n -not present,-,-,n -none present,8,Mission,252,3
02/07/2013,94124,B10,42,6453,4,11,0,0,0,0,100,0,0,0,0,111 - building fire,11 - extinguish,419 - 1 or 2 family dwelling,97 - multiple areas,1 - intentional,nn - none,60 - heat; other open flame/smoking materi,"92 - magazine, newspaper, writing paper",n - none,2 -in normal use,u -undetermined,-,-,n -none present,10,Bayview Hunters Point,50,7
05/28/2013,94102,B03,01,1456,11,38,2,3,0,0,1000,500,0,0,0,111 - building fire,"10 - fire, other",429 - multifamily dwellings,21 - bedroom-<5 persons; inc. jail or pris,1 - intentional,"10 - misuse of material or product, other",60 - heat; other open flame/smoking materi,"37 - raw goods, incl. fabrics and yarn",n - none,2 -in normal use,1 -present,"4 -sprinkler, water flow detection",2 -detector operated,1 -present,6,Tenderloin,261,4
07/14/2013,94103,B03,01,2248,9,31,1,2,1,2,1000,47,0,0,0,111 - building fire,12 - salvage & overhaul,"400 - residential, other",21 - bedroom-<5 persons; inc. jail or pris,1 - intentional,00 - other factor contributed to ignition,11 - spark/ember/flame from operating equi,34 - wearing apparel not on a person,4 - possibly mentally disabled,2 -in normal use,1 -present,u -undetermined,2 -detector operated,1 -present,6,South of Market,135,5
05/10/2013,94133,B01,28,0941,13,42,0,0,0,0,50000,15000,0,0,0,111 - building fire,"10 - fire, other",161 - restaurant or cafeteria,"23 - bar area, bev. service area, cafeteri",2 - unintentional,"20 - mechanical failure, malfunction, othe",12 - radiated/conducted heat operating equ,12 - exterior wall covering or finish,n - none,5 -vacant and secured,n -not present,-,-,n -none present,3,North Beach,133,4
04/23/2014,94123,B04,16,3613,11,36,2,4,1,1,2500,0,0,0,0,111 building fire,"10 fire control or extinguishment, other","500 mercantile, business, other","90 outside area, other",u cause undetermined after investigation,uu undetermined,uu undetermined,uu undetermined,n none,2 in normal use,1 present,u undetermined,1 fire too small to activate detector,n none present,2,Pacific Heights,100,4
04/09/2014,94110,B06,11,5524,10,35,2,3,1,1,13000,3500,0,0,0,111 building fire,86 investigate,429 multifamily dwelling,"20 function areas, other",2 unintentional,11 abandoned or discarded materials or products,candle candle,"20 furniture, utensils, other",n none,2 in normal use,1 present,2 heat,2 detector operated,n none present,8,Mission,138,4
07/21/2013,94110,B06,32,5645,9,31,1,2,1,1,0,50,0,0,0,111 - building fire,11 - extinguish,"400 - residential, other","24 - cooking area, kitchen",1 - intentional,00 - other factor contributed to ignition,56 - incendiary device,"92 - magazine, newspaper, writing paper",n - none,2 -in normal use,u -undetermined,-,-,n -none present,9,Bernal Heights,99,5
04/26/2013,94124,B10,42,0645,9,31,1,2,1,2,100,50,0,0,0,111 - building fire,"10 - fire, other",215 - middle/junior or high school,"25 - bathroom, checkroom, locker room",1 - intentional,"10 - misuse of material or product, other",69 - flame/torch used for lighting,34 - wearing apparel not on a person,6 - multiple persons involved,2 -in normal use,1 -present,u -undetermined,2 -detector operated,u -undetermined,10,Bayview Hunters Point,209,3
02/09/2013,94109,B04,03,1557,11,36,2,3,0,0,4000,800,0,0,0,111 - building fire,"10 - fire, other","439 - boarding/rooming house, res. hotels",21 - bedroom-<5 persons; inc. jail or pris,1 - intentional,"10 - misuse of material or product, other",60 - heat; other open flame/smoking materi,"31 - mattress, pillow",n - none,2 -in normal use,1 -present,1 -smoke,2 -detector operated,n -none present,3,Nob Hill,138,4
04/26/2011,94121,B07,34,7253,2,9,0,0,0,0,13500,1,0,0,0,131 - passenger vehicle fire,11 - extinguish,"962 - residential street, road or residential dr",81 - operator/passenger area/transport equ,1 - intentional,"10 - misuse of material or product, other",60 - heat; other open flame/smoking materi,"21 - upholstered sofa, chair, vehicle seat",n - none,-,-,-,-,-,1,Golden Gate Park,88,5
12/06/2013,94102,B03,01,1366,10,36,2,3,0,0,75000,40000,0,0,0,111 - building fire,11 - extinguish,"449 - hotel/motel, commercial",uu - undetermined,u - cause undetermined after investigation,uu - undetermined,uu - undetermined,uu - undetermined,n - none,2 -in normal use,1 -present,1 -smoke,2 -detector operated,1 -present,3,Tenderloin,103,0
06/10/2014,94114,B05,24,5265,18,98,4,10,3,5,175000,60000,0,0,0,111 building fire,11 extinguishment by fire service personnel,419 1 or 2 family dwelling,"02 exterior stairway, ramp, or fire escape",1 intentional,"10 misuse of material or product, other",uu undetermined,uu undetermined,n none,2 in normal use,1 present,5 more than one type present,2 detector operated,1 present,8,Castro/Upper Market,437,4
07/08/2005,94114,B02,06,5234,48,346,0,0,0,0,2000000,150000,0,0,5,111 - building fire,11 - extinguish,429 - multifamily dwellings,"24 - cooking area, kitchen",2 - unintentional,12 - heat source too close to combustibles,11 - spark/ember/flame from operating equi,uu - undetermined,n - none,2 -in normal use,1 -present,1 -smoke,2 -detector operated,n -none present,8,Castro/Upper Market,794,3
08/23/2014,94133,B01,02,1332,9,28,1,2,1,1,45000,7000,0,0,0,111 building fire,86 investigate,429 multifamily dwelling,"24 cooking area, kitchen",1 intentional,uu undetermined,uu undetermined,42 decoration,n none,2 in normal use,1 present,1 smoke,2 detector operated,u undetermined,3,Chinatown,134,5
08/29/2010,94109,B04,03,1557,11,34,0,0,0,0,40000,2000,0,0,0,111 - building fire,11 - extinguish,"400 - residential, other","24 - cooking area, kitchen",2 - unintentional,nn - none,"10 - heat from powered equipment, other","92 - magazine, newspaper, writing paper",n - none,2 -in normal use,1 -present,1 -smoke,2 -detector operated,1 -present,3,Nob Hill,323,4
08/08/2014,94103,B02,36,2341,11,40,1,2,1,1,2000,100,0,0,0,111 building fire,11 extinguishment by fire service personnel,215 high school/junior high school/middle school,uu undetermined,2 unintentional,nn none,uu undetermined,"32 bedding; blanket, sheet, comforter",4 possibly mentally disabled,2 in normal use,1 present,1 smoke,1 fire too small to activate detector,1 present,6,South of Market,78,5
10/03/2014,94117,B05,21,3641,11,78,1,4,1,2,5000,200,0,0,0,111 building fire,86 investigate,429 multifamily dwelling,"24 cooking area, kitchen",1 intentional,uu undetermined,"60 heat from other open flame or smoking materials, other","30 soft goods, wearing apparel, other",2§4 possibly impaired by alcohol or drugs§possibly mentally disabled,2 in normal use,1 present,1 smoke,2 detector operated,n none present,5,Hayes Valley,124,3
07/11/2010,94124,B10,17,6471,2,9,0,0,0,0,2700,1,0,0,0,"130 - mobile property (vehicle) fire, other",11 - extinguish,"960 - street, other",97 - multiple areas,1 - intentional,nn - none,60 - heat; other open flame/smoking materi,65 - flammable liquid/gas - uncontained,n - none,-,-,-,-,-,10,Bayview Hunters Point,11,9
09/05/2014,94114,B06,24,0526,16,116,3,9,1,3,85000,70000,0,0,0,111 building fire,11 extinguishment by fire service personnel,429 multifamily dwelling,21 bedroom - < 5 persons; included are jail or prison,2 unintentional,uu undetermined,66 candle,"21 upholstered sofa, chair, vehicle seats",n none,2 in normal use,1 present,1 smoke,2 detector operated,n none present,8,Castro/Upper Market,421,6
02/02/2011,94121,B07,34,7277,11,10,0,0,0,0,40000,5000,0,0,0,111 - building fire,11 - extinguish,"564 - laundry, dry cleaning","40 - storage area, other",u - cause undetermined after investigation,11 - abandoned or discarded materials or p,uu - undetermined,"96 - rubbish, trash, or waste",n - none,"3 -idle, not routinely used",n -not present,-,-,n -none present,1,Outer Richmond,172,5
05/24/2014,94107,B10,37,2614,9,30,1,2,1,1,10000,5000,0,0,0,111 building fire,86 investigate,429 multifamily dwelling,21 bedroom - < 5 persons; included are jail or prison,1 intentional,"10 misuse of material or product, other","lighter: cigarette, cigar lighter: cigarette, cigar",65 flammable liquid/gas - uncontained,n none,2 in normal use,1 present,1 smoke,3 detector failed to operate,n none present,10,Potrero Hill,163,5
03/10/2013,94103,B02,36,2343,10,36,0,0,0,0,500,2000,0,0,0,111 - building fire,11 - extinguish,162 - bar or nightclub,75 - wall assembly,2 - unintentional,"30 - electrical failure, malfunction, othe",13 - arcing,"13 - exterior trim, including doors",n - none,2 -in normal use,u -undetermined,-,-,u -undetermined,6,South of Market,59,3
01/26/2014,94110,B06,07,5533,9,31,1,2,1,2,3500,0,0,0,0,111 - building fire,11 - extinguish,419 - 1 or 2 family dwelling,"86 - exterior, exposed surface",5 - cause under investigation,uu - undetermined,00 - heat source: other,"37 - raw goods, incl. fabrics and yarn",n - none,2 -in normal use,n -not present,-,-,n -none present,9,Mission,82,3
06/29/2014,94109,B01,03,1451,10,36,4,7,1,1,20000,20000,0,1,0,111 building fire,86 investigate,429 multifamily dwelling,42 closet,2 unintentional,uu undetermined,00 heat source: other,"30 soft goods, wearing apparel, other",n none,2 in normal use,1 present,1 smoke,u undetermined,n none present,3,Nob Hill,146,3
02/24/2013,94102,B02,03,1644,23,72,3,5,0,0,200000,230000,0,0,0,111 - building fire,"10 - fire, other","400 - residential, other","24 - cooking area, kitchen",2 - unintentional,55 - failure to clean,60 - heat; other open flame/smoking materi,"70 - organic materials, other",n - none,2 -in normal use,1 -present,1 -smoke,3 -detector failed to operate,1 -present,6,Tenderloin,260,2
07/11/2007,94134,B09,43,6246,10,22,0,0,0,0,10000,500,0,0,0,131 - passenger vehicle fire,11 - extinguish,"962 - residential street, road or residential dr",81 - operator/passenger area/transport equ,u - cause undetermined after investigation,uu - undetermined,uu - undetermined,uu - undetermined,n - none,-,-,-,-,-,10,Visitacion Valley,33,7
05/02/2011,94122,B08,22,7336,1,5,0,0,0,0,200000,100000,0,0,0,111 - building fire,11 - extinguish,459 - residential board and care,"47 - vehicle storage area; garage, carport",2 - unintentional,nn - none,11 - spark/ember/flame from operating equi,62 - flam. liq/gas-in/from engine or burne,n - none,2 -in normal use,1 -present,1 -smoke,u -undetermined,u -undetermined,7,Inner Sunset,232,6
08/15/2014,94109,B04,03,1642,14,44,2,3,1,2,100000,0,0,0,0,111 building fire,"10 fire control or extinguishment, other",429 multifamily dwelling,76 wall surface: exterior,u cause undetermined after investigation,uu undetermined,"40 hot or smoldering object, other","12 exterior sidewall covering, surface, finish",2 possibly impaired by alcohol or drugs,2 in normal use,1 present,1 smoke,2 detector operated,n none present,6,Tenderloin,182,2
03/18/2011,94132,B09,33,8417,1,4,0,0,0,0,1000,500,0,0,0,131 - passenger vehicle fire,11 - extinguish,"960 - street, other",81 - operator/passenger area/transport equ,2 - unintentional,nn - none,60 - heat; other open flame/smoking materi,"21 - upholstered sofa, chair, vehicle seat",n - none,-,-,-,-,-,11,Oceanview/Merced/Ingleside,37,7
01/17/2015,94102,B03,01,1365,9,33,3,5,2,3,20000,2000,0,0,0,111 building fire,11 extinguishment by fire service personnel,"439 boarding/rooming house, residential hotels",21 bedroom - < 5 persons; included are jail or prison,1 intentional,uu undetermined,"60 heat from other open flame or smoking materials, other","92 magazine, newspaper, writing paper",4§2 possibly mentally disabled§possibly impaired by alcohol or drugs,2 in normal use,1 present,1 smoke,2 detector operated,1 present,6,Tenderloin,151,1
01/13/2013,94109,B04,41,3125,10,36,2,3,0,0,2500,1000,0,0,0,111 - building fire,11 - extinguish,"439 - boarding/rooming house, res. hotels",21 - bedroom-<5 persons; inc. jail or pris,1 - intentional,uu - undetermined,uu - undetermined,"36 - curtains, blinds, drapery, tapestry",n - none,2 -in normal use,1 -present,1 -smoke,2 -detector operated,1 -present,3,Russian Hill,93,2
12/17/2014,94116,B08,23,7731,9,33,2,3,2,3,140000,60000,0,0,0,111 building fire,11 extinguishment by fire service personnel,419 1 or 2 family dwelling,"24 cooking area, kitchen",2 unintentional,"30 electrical failure, malfunction, other",uu undetermined,23 cabinetry (including built-in),n none,2 in normal use,1 present,1 smoke,2 detector operated,n none present,4,Sunset/Parkside,140,6
11/24/2012,94102,B03,03,1461,9,29,0,0,0,0,1000,0,0,0,0,111 - building fire,11 - extinguish,"449 - hotel/motel, commercial",03 - interior stairway or ramp,2 - unintentional,nn - none,60 - heat; other open flame/smoking materi,"96 - rubbish, trash, or waste",n - none,2 -in normal use,1 -present,u -undetermined,2 -detector operated,u -undetermined,6,Tenderloin,55,3
12/04/2012,94117,B05,21,4513,27,73,0,0,0,0,80000,15000,0,0,0,111 - building fire,11 - extinguish,419 - 1 or 2 family dwelling,"74 - attic: vacant, crawl space",2 - unintentional,"30 - electrical failure, malfunction, othe",00 - heat source: other,17 - structural member or framing,n - none,2 -in normal use,n -not present,-,-,n -none present,5,Haight Ashbury,268,3
06/09/2014,94124,B10,25,6467,20,100,3,5,1,1,100000,75000,0,0,0,111 building fire,86 investigate,"400 residential, other","01 hallway corridor, mall",u cause undetermined after investigation,uu undetermined,uu undetermined,uu undetermined,n none,2 in normal use,1 present,1 smoke,u undetermined,n none present,10,Bayview Hunters Point,337,4
06/18/2014,94105,B03,35,2136,9,31,1,2,1,2,1000,1000,0,0,0,111 building fire,86 investigate,429 multifamily dwelling,03 interior stairway or ramp,1 intentional,"10 misuse of material or product, other","65 lighter: cigarette, cigar","50 storage supplies, other",n none,2 in normal use,1 present,5 more than one type present,2 detector operated,1 present,6,Financial District/South Beach,248,5
05/05/2013,94130,B03,48,2931,26,74,0,0,0,0,35000,17000,0,0,0,111 - building fire,11 - extinguish,429 - multifamily dwellings,"24 - cooking area, kitchen",1 - intentional,"10 - misuse of material or product, other",11 - spark/ember/flame from operating equi,"96 - rubbish, trash, or waste",n - none,2 -in normal use,1 -present,u -undetermined,3 -detector failed to operate,n -none present,6,Treasure Island,218,4
02/27/2008,94132,B08,19,8854,10,32,0,0,0,0,200000,40000,0,0,0,111 - building fire,11 - extinguish,429 - multifamily dwellings,21 - bedroom-<5 persons; inc. jail or pris,2 - unintentional,nn - none,00 - heat source: other,"32 - bedding; blanket, sheet, comforter",n - none,2 -in normal use,1 -present,u -undetermined,2 -detector operated,n -none present,7,Lakeshore,214,3
02/23/2013,94112,B09,33,8357,10,36,2,3,0,0,15000,2000,0,0,0,111 - building fire,11 - extinguish,419 - 1 or 2 family dwelling,97 - multiple areas,1 - intentional,12 - heat source too close to combustibles,65 - cigarette lighter,"00 - item first ignited, other",n - none,2 -in normal use,n -not present,-,-,n -none present,11,Outer Mission,144,3
09/01/2009,94124,B10,42,6452,1,4,1,2,0,0,200,1,0,0,0,"130 - mobile property (vehicle) fire, other",11 - extinguish,215 - middle/junior or high school,81 - operator/passenger area/transport equ,1 - intentional,nn - none,67 - warning or road flare; fusee,"92 - magazine, newspaper, writing paper",n - none,-,-,-,-,-,10,Bayview Hunters Point,102,5
12/20/2013,94105,B03,35,2136,11,38,2,3,0,0,5000,100,0,0,0,111 - building fire,86 - investigate,599 - business office,"25 - bathroom, checkroom, locker room",1 - intentional,"10 - misuse of material or product, other",60 - heat; other open flame/smoking materi,"59 - rolled, wound material (paper, fabric",n - none,2 -in normal use,1 -present,1 -smoke,2 -detector operated,n -none present,6,Financial District/South Beach,109,4
02/04/2014,94118,B04,10,4416,11,34,0,0,0,0,650000,110000,0,0,0,111 - building fire,11 - extinguish,"400 - residential, other",53 - light shaft,2 - unintentional,12 - heat source too close to combustibles,81 - heat; direct flame or convection,"10 - structural component or finish, other",3 - unattended or unsupervised person,1 -under construction,u -undetermined,-,-,n -none present,2,Presidio Heights,286,5
01/21/2010,94103,B03,01,2251,1,4,0,0,0,0,2000,100,0,0,0,"118 - trash or rubbish fire, contained","00 - action taken, other","000 - property use, other",-,-,-,-,-,-,-,-,-,-,-,6,South of Market,146,4
09/10/2013,94123,B04,16,3561,4,11,0,0,0,0,15000,1,0,0,0,112 - fires in struct. other than in a bldg.,11 - extinguish,"100 - assembly, other",11 - assembly area w/fixed seats - 100+,u - cause undetermined after investigation,uu - undetermined,uu - undetermined,uu - undetermined,n - none,-,-,-,-,-,2,Marina,74,8
02/28/2013,94102,B03,01,1455,10,36,2,3,0,0,5000,100,0,0,0,111 - building fire,11 - extinguish,"439 - boarding/rooming house, res. hotels",21 - bedroom-<5 persons; inc. jail or pris,1 - intentional,"10 - misuse of material or product, other",65 - cigarette lighter,uu - undetermined,n - none,2 -in normal use,1 -present,5 -more than one type present,2 -detector operated,1 -present,6,Tenderloin,200,6
03/23/2013,94111,B01,13,1166,10,36,2,3,0,0,50000,25000,0,0,0,111 - building fire,11 - extinguish,161 - restaurant or cafeteria,97 - multiple areas,1 - intentional,nn - none,uu - undetermined,"36 - curtains, blinds, drapery, tapestry",n - none,2 -in normal use,1 -present,1 -smoke,2 -detector operated,1 -present,3,Chinatown,137,5
12/20/2007,94107,B03,29,2425,3,10,0,0,0,0,11000,0,0,0,0,"160 - special outside fire, other",11 - extinguish,"962 - residential street, road or residential dr",81 - operator/passenger area/transport equ,1 - intentional,nn - none,uu - undetermined,"00 - item first ignited, other",n - none,-,-,-,-,-,10,Potrero Hill,30,3
08/14/2014,94110,B10,37,2552,3,10,0,0,1,1,5000,20,0,0,0,111 building fire,86 investigate,331 hospital - medical or psychiatric,"25 bathroom, checkroom, lavatory, locker room",1 intentional,"10 misuse of material or product, other","60 heat from other open flame or smoking materials, other","59 rolled, wound material (paper and fabrics)",n none,2 in normal use,1 present,5 more than one type present,2 detector operated,1 present,10,Potrero Hill,124,5
12/31/2014,94124,B10,17,6653,10,33,2,3,1,2,1500000,750000,0,0,0,111 building fire,"10 fire control or extinguishment, other","519 food and beverage sales, grocery store","60 equipment or service area, other",2 unintentional,"20 mechanical failure, malfunction, other","11 spark, ember, or flame from operating equipment","70 organic materials, other",n none,2 in normal use,1 present,1 smoke,2 detector operated,1 present,10,Bayview Hunters Point,260,3
01/01/2011,94133,B01,13,1231,30,85,0,0,0,0,1000000,300000,1,0,1,111 - building fire,11 - extinguish,429 - multifamily dwellings,"25 - bathroom, checkroom, locker room",2 - unintentional,12 - heat source too close to combustibles,uu - undetermined,"22 - non-upholstered chair, bench",n - none,2 -in normal use,1 -present,1 -smoke,u -undetermined,2 -partial system present,3,North Beach,865,3
07/04/2013,94115,B04,38,3434,18,65,5,9,3,5,150000,50000,1,0,1,111 - building fire,11 - extinguish,419 - 1 or 2 family dwelling,21 - bedroom-<5 persons; inc. jail or pris,2 - unintentional,11 - abandoned or discarded materials or p,61 - cigarette,"31 - mattress, pillow",1 - asleep,2 -in normal use,u -undetermined,-,-,n -none present,5,Pacific Heights,229,2
11/06/2013,94118,B07,31,7141,18,60,3,5,0,0,900000,325000,0,0,0,111 - building fire,11 - extinguish,599 - business office,27 - office,2 - unintentional,uu - undetermined,uu - undetermined,uu - undetermined,n - none,2 -in normal use,u -undetermined,-,-,n -none present,1,Inner Richmond,518,5
04/17/2010,94118,B07,31,7153,11,34,0,0,0,0,50000,25000,0,0,0,111 - building fire,11 - extinguish,"400 - residential, other",00 - other,2 - unintentional,61 - high wind,61 - cigarette,"15 - int. wall cover  exclude drapes, etc.",n - none,2 -in normal use,1 -present,u -undetermined,3 -detector failed to operate,n -none present,1,Outer Richmond,16,5
07/23/2013,94133,B01,28,1425,2,6,0,0,0,0,0,25,0,0,0,111 - building fire,86 - investigate,"580 - general retail, other","25 - bathroom, checkroom, locker room",1 - intentional,nn - none,60 - heat; other open flame/smoking materi,"00 - item first ignited, other",n - none,2 -in normal use,n -not present,-,-,u -undetermined,3,North Beach,81,0
04/16/2013,94108,B01,13,1244,9,31,1,2,1,1,20000,5000,0,0,0,111 - building fire,11 - extinguish,"400 - residential, other","14 - common room, den, family/living room",2 - unintentional,uu - undetermined,uu - undetermined,uu - undetermined,n - none,2 -in normal use,1 -present,u -undetermined,2 -detector operated,1 -present,3,Chinatown,112,4
06/21/2014,94118,B07,31,7124,114,81,3,7,2,5,65000,15000,0,0,0,111 building fire,11 extinguishment by fire service personnel,"400 residential, other",76 wall surface: exterior,2 unintentional,nn none,61 cigarette,"12 exterior sidewall covering, surface, finish",n none,2 in normal use,1 present,1 smoke,2 detector operated,n none present,1,Inner Richmond,160,6
07/28/2014,94103,B02,07,5216,9,31,2,3,1,2,1000,1000,0,0,2,111 building fire,86 investigate,"519 food and beverage sales, grocery store","20 function areas, other",1 intentional,14 flammable liquid or gas spilled,"65 lighter: cigarette, cigar",65 flammable liquid/gas - uncontained,n none,2 in normal use,1 present,u undetermined,2 detector operated,1 present,9,Mission,253,3
02/16/2013,94130,B03,48,2931,18,64,3,5,3,4,325000,40000,0,0,2,111 - building fire,"00 - action taken, other",429 - multifamily dwellings,"14 - common room, den, family/living room",3 - failure of equipment or heat source,"20 - mechanical failure, malfunction, othe",81 - heat; direct flame or convection,"21 - upholstered sofa, chair, vehicle seat",n - none,2 -in normal use,1 -present,u -undetermined,2 -detector operated,n -none present,6,Treasure Island,634,4
07/12/2013,94110,B06,09,5621,1,1,0,0,0,0,800,0,0,0,0,111 - building fire,86 - investigate,"571 - service station, gas station","05 - entrance way, lobby",1 - intentional,"10 - misuse of material or product, other",69 - flame/torch used for lighting,"00 - item first ignited, other",n - none,2 -in normal use,n -not present,-,-,n -none present,9,Bernal Heights,99,0
02/04/2011,94114,B05,06,5415,4,7,0,0,0,0,5000,50,0,0,0,111 - building fire,87 - investigate - fire out on arrival,419 - 1 or 2 family dwelling,03 - interior stairway or ramp,1 - intentional,"10 - misuse of material or product, other",60 - heat; other open flame/smoking materi,"13 - exterior trim, including doors",n - none,2 -in normal use,u -undetermined,-,-,n -none present,8,Castro/Upper Market,97,4
11/17/2008,94131,B09,15,8215,10,32,0,0,0,0,300000,40000,0,0,0,111 - building fire,"41 - identify, analyze hazardous materials","400 - residential, other","47 - vehicle storage area; garage, carport",2 - unintentional,"10 - misuse of material or product, other","50 - explosive, fireworks, other",64 - flam liq/gas in container or pipe,n - none,2 -in normal use,n -not present,-,-,n -none present,7,West of Twin Peaks,158,5
09/27/2008,94124,B10,17,6565,3,11,0,0,1,2,1950,50,0,0,0,"130 - mobile property (vehicle) fire, other",11 - extinguish,"120 - variable use amusement, recreation places",81 - operator/passenger area/transport equ,u - cause undetermined after investigation,uu - undetermined,uu - undetermined,uu - undetermined,n - none,-,-,-,-,-,10,Bayview Hunters Point,43,0
12/20/2013,94102,B02,03,1545,11,38,2,3,0,0,25000,1000,0,0,0,111 - building fire,86 - investigate,"439 - boarding/rooming house, res. hotels",53 - light shaft,2 - unintentional,"10 - misuse of material or product, other",60 - heat; other open flame/smoking materi,"59 - rolled, wound material (paper, fabric",n - none,2 -in normal use,1 -present,"4 -sprinkler, water flow detection",2 -detector operated,1 -present,6,Tenderloin,102,3
08/24/2014,94109,B04,03,3122,3,10,0,0,1,1,1000,10,0,0,0,111 building fire,86 investigate,429 multifamily dwelling,"01 hallway corridor, mall",1 intentional,uu undetermined,uu undetermined,"32 bedding; blanket, sheet, comforter",n none,2 in normal use,1 present,1 smoke,2 detector operated,1 present,3,Nob Hill,73,5
04/06/2013,94109,B04,03,1642,9,31,1,2,0,0,5000,1,0,0,0,112 - fires in struct. other than in a bldg.,11 - extinguish,"150 - public or government, other","25 - bathroom, checkroom, locker room",1 - intentional,00 - other factor contributed to ignition,60 - heat; other open flame/smoking materi,"51 - box, carton, bag, basket, barrel",n - none,-,-,-,-,-,6,Tenderloin,47,3
08/30/2014,94109,B04,03,3162,17,61,4,7,2,3,800000,50000,1,0,1,111 building fire,86 investigate,429 multifamily dwelling,21 bedroom - < 5 persons; included are jail or prison,u cause undetermined after investigation,uu undetermined,uu undetermined,"20 furniture, utensils, other",n none,2 in normal use,1 present,1 smoke,2 detector operated,n none present,6,Tenderloin,270,2
09/08/2014,94112,B09,15,8231,11,30,2,3,1,2,10000,5000,0,0,0,111 building fire,11 extinguishment by fire service personnel,419 1 or 2 family dwelling,"47 vehicle storage area; garage, carport",1 intentional,uu undetermined,"60 heat from other open flame or smoking materials, other",uu undetermined,n none,2 in normal use,1 present,2 heat,2 detector operated,n none present,7,West of Twin Peaks,122,1
09/07/2014,94109,B02,03,1643,11,39,2,3,2,3,15000,500,0,0,0,111 building fire,12 salvage & overhaul,"439 boarding/rooming house, residential hotels","20 function areas, other",1 intentional,"00 factors contributing to ignition, other","60 heat from other open flame or smoking materials, other",65 flammable liquid/gas - uncontained,n none,2 in normal use,1 present,5 more than one type present,2 detector operated,1 present,6,Tenderloin,106,2
03/06/2013,94110,B10,07,2553,10,36,0,0,0,0,1000,0,0,0,0,111 - building fire,11 - extinguish,331 - hospital - medical or psychiatric,97 - multiple areas,1 - intentional,uu - undetermined,65 - cigarette lighter,99 - multiple items first ignited,n - none,2 -in normal use,1 -present,u -undetermined,2 -detector operated,u -undetermined,10,Potrero Hill,72,3
04/01/2014,94134,B09,43,6247,16,53,9,16,3,4,100000,70000,0,0,6,111 building fire,86 investigate,419 1 or 2 family dwelling,"24 cooking area, kitchen",2 unintentional,23 leak or break,undetermined undetermined,62 flammable liquid/gas - in/from engine or burner,n none,2 in normal use,1 present,1 smoke,2 detector operated,n none present,10,Visitacion Valley,317,4
12/15/2013,94133,B01,02,1352,11,38,2,3,0,0,750000,300000,0,0,2,111 - building fire,86 - investigate,429 - multifamily dwellings,"24 - cooking area, kitchen",2 - unintentional,"20 - mechanical failure, malfunction, othe",11 - spark/ember/flame from operating equi,25 - appliance housing or casing,n - none,2 -in normal use,1 -present,5 -more than one type present,3 -detector failed to operate,1 -present,3,Chinatown,228,4
09/06/2010,94115,B05,05,3642,10,30,0,0,0,0,70000,15000,0,0,0,111 - building fire,11 - extinguish,429 - multifamily dwellings,21 - bedroom-<5 persons; inc. jail or pris,2 - unintentional,nn - none,63 - heat from undetermined smoking materi,"92 - magazine, newspaper, writing paper",n - none,2 -in normal use,1 -present,u -undetermined,u -undetermined,n -none present,5,Western Addition,223,3
05/26/2013,94112,B09,43,6218,9,31,1,2,0,0,50000,50000,0,0,1,111 - building fire,11 - extinguish,419 - 1 or 2 family dwelling,"25 - bathroom, checkroom, locker room",2 - unintentional,"20 - mechanical failure, malfunction, othe",11 - spark/ember/flame from operating equi,"81 - electrical wire, cable insulation",n - none,2 -in normal use,u -undetermined,-,-,n -none present,11,Excelsior,153,2
11/09/2013,94103,B02,07,5225,10,36,2,3,0,0,500,200,0,0,0,111 - building fire,11 - extinguish,429 - multifamily dwellings,"40 - storage area, other",2 - unintentional,14 - flammable liquid or gas spilled,69 - flame/torch used for lighting,65 - flammable liquid/gas - uncontained,n - none,2 -in normal use,n -not present,-,-,n -none present,9,Mission,93,3
12/04/2013,94103,B02,36,3212,10,36,0,0,0,0,1000,800,0,0,0,111 - building fire,11 - extinguish,"439 - boarding/rooming house, res. hotels","40 - storage area, other",u - cause undetermined after investigation,uu - undetermined,uu - undetermined,"59 - rolled, wound material (paper, fabric",n - none,2 -in normal use,u -undetermined,-,-,1 -present,6,Mission,94,3
05/31/2013,94103,B02,07,5216,18,60,3,5,0,0,780000,400000,0,0,0,111 - building fire,11 - extinguish,161 - restaurant or cafeteria,"93 - courtyard, patio, porch, terrace",u - cause undetermined after investigation,uu - undetermined,uu - undetermined,uu - undetermined,n - none,2 -in normal use,n -not present,-,-,n -none present,9,Mission,186,3
11/20/2014,94117,B05,21,4465,9,33,3,5,2,5,100000,25000,0,0,0,111 building fire,86 investigate,429 multifamily dwelling,21 bedroom - < 5 persons; included are jail or prison,3 failure of equipment or heat source,"10 misuse of material or product, other","10 heat from powered equipment, other","81 electrical wire, cable insulation",n none,2 in normal use,1 present,1 smoke,3 detector failed to operate,n none present,5,Haight Ashbury,242,4
01/14/2014,94134,B09,44,6322,9,31,1,2,0,0,32000,5000,0,0,0,111 - building fire,11 - extinguish,429 - multifamily dwellings,"46 - chute/container - trash, rubbish, was",2 - unintentional,11 - abandoned or discarded materials or p,61 - cigarette,"96 - rubbish, trash, or waste",n - none,2 -in normal use,u -undetermined,-,-,n -none present,9,Portola,143,5
08/14/2010,94107,B03,01,2253,2,9,0,0,0,0,1000,1,0,0,0,131 - passenger vehicle fire,"10 - fire, other","579 - vehicle/boat; sales, service or repair","86 - exterior, exposed surface",1 - intentional,nn - none,60 - heat; other open flame/smoking materi,65 - flammable liquid/gas - uncontained,n - none,-,-,-,-,-,6,South of Market,44,4
03/18/2015,94108,B01,01,1324,10,38,2,3,2,3,10000,5000,0,0,0,111 building fire,11 extinguishment by fire service personnel,"500 mercantile, business, other","90 outside area, other",1 intentional,"10 misuse of material or product, other","65 lighter: cigarette, cigar","00 item first ignited, other",n none,2 in normal use,1 present,1 smoke,u undetermined,n none present,3,Financial District/South Beach,147,5
04/22/2014,94114,B05,06,5131,32,116,5,8,2,2,2000000,225000,2,0,2,111 building fire,86 investigate,419 1 or 2 family dwelling,"90 outside area, other",2 unintentional,11 abandoned or discarded materials or products,cigarette cigarette,"00 item first ignited, other",n none,2 in normal use,1 present,1 smoke,2 detector operated,n none present,8,Castro/Upper Market,548,3
03/21/2012,94116,B08,18,7522,10,32,0,0,0,0,200000,50000,0,0,0,111 - building fire,11 - extinguish,"500 - mercantile, business, other","41 - storage room, area, tank, or bin",5 - cause under investigation,nn - none,60 - heat; other open flame/smoking materi,99 - multiple items first ignited,n - none,1 -under construction,n -not present,-,-,n -none present,4,Sunset/Parkside,279,3
02/08/2013,94132,B08,19,0868,11,36,0,0,0,0,20000,4000,0,0,0,111 - building fire,11 - extinguish,"460 - dormitory type residence, other",21 - bedroom-<5 persons; inc. jail or pris,2 - unintentional,nn - none,66 - candle,"20 - furniture, utensils, other",n - none,2 -in normal use,1 -present,u -undetermined,2 -detector operated,1 -present,7,Lakeshore,135,6
01/23/2014,94103,B02,36,5215,23,72,3,5,0,0,300000,175000,0,0,2,111 - building fire,"10 - fire, other",429 - multifamily dwellings,"40 - storage area, other",2 - unintentional,"10 - misuse of material or product, other",72 - chemical reaction,97 - oily rags,n - none,2 -in normal use,1 -present,1 -smoke,2 -detector operated,n -none present,9,Mission,419,7
11/23/2013,94118,B07,10,4432,24,82,5,7,0,0,700000,550000,0,0,0,111 - building fire,11 - extinguish,"500 - mercantile, business, other","90 - outside area, other",u - cause undetermined after investigation,uu - undetermined,uu - undetermined,uu - undetermined,n - none,2 -in normal use,n -not present,-,-,n -none present,2,Presidio Heights,274,2
01/25/2014,94133,B01,28,1433,10,36,2,3,0,0,10000,500000,0,0,0,111 - building fire,11 - extinguish,"580 - general retail, other","10 - assembly or sales area, other",1 - intentional,"10 - misuse of material or product, other",65 - cigarette lighter,"36 - curtains, blinds, drapery, tapestry",n - none,2 -in normal use,1 -present,u -undetermined,2 -detector operated,1 -present,3,North Beach,136,2
04/24/2013,94123,B04,38,3442,24,82,5,7,0,0,1500000,200000,0,0,1,111 - building fire,11 - extinguish,419 - 1 or 2 family dwelling,21 - bedroom-<5 persons; inc. jail or pris,2 - unintentional,"30 - electrical failure, malfunction, othe","10 - heat from powered equipment, other",uu - undetermined,n - none,2 -in normal use,n -not present,-,-,n -none present,2,Marina,427,3
04/13/2013,94110,B06,07,5472,9,31,1,2,1,1,500,0,0,0,0,111 - building fire,11 - extinguish,161 - restaurant or cafeteria,"09 - egress/exit, other",1 - intentional,00 - other factor contributed to ignition,60 - heat; other open flame/smoking materi,65 - flammable liquid/gas - uncontained,n - none,2 -in normal use,u -undetermined,-,-,1 -present,9,Mission,61,4
01/21/2013,94110,B10,32,5727,1,4,0,0,0,0,300,20,0,0,0,111 - building fire,86 - investigate,419 - 1 or 2 family dwelling,"47 - vehicle storage area; garage, carport",1 - intentional,"10 - misuse of material or product, other",00 - heat source: other,"51 - box, carton, bag, basket, barrel",n - none,2 -in normal use,n -not present,-,-,n -none present,9,Bernal Heights,97,7
06/18/2010,94103,B02,07,5236,10,33,0,0,0,0,75,0,0,0,0,111 - building fire,86 - investigate,"439 - boarding/rooming house, res. hotels",21 - bedroom-<5 persons; inc. jail or pris,2 - unintentional,nn - none,43 - hot ember or ash,"92 - magazine, newspaper, writing paper",n - none,2 -in normal use,1 -present,u -undetermined,2 -detector operated,u -undetermined,9,Mission,80,4
08/05/2013,94109,B04,03,3116,10,36,2,3,0,0,10000,0,0,0,0,111 - building fire,11 - extinguish,161 - restaurant or cafeteria,77 - roof surface: exterior,1 - intentional,16 - flammable liquid used to kindle fire,uu - undetermined,"30 - soft goods, wearing apparel, other",n - none,2 -in normal use,n -not present,-,-,n -none present,6,Tenderloin,89,3
07/23/2007,94121,B07,14,7165,2,9,0,0,1,2,2275,25,0,0,0,131 - passenger vehicle fire,11 - extinguish,"962 - residential street, road or residential dr","80 - vehicle area, other",u - cause undetermined after investigation,uu - undetermined,uu - undetermined,uu - undetermined,n - none,-,-,-,-,-,1,Outer Richmond,27,7
12/21/2013,94110,B06,07,5433,10,32,2,3,0,0,50000,5000,0,0,0,111 - building fire,11 - extinguish,549 - specialty shop,"38 - processing/manufacturing area, workro",3 - failure of equipment or heat source,"30 - electrical failure, malfunction, othe","10 - heat from powered equipment, other","81 - electrical wire, cable insulation",6 - multiple persons involved,2 -in normal use,n -not present,-,-,n -none present,9,Mission,142,1
03/11/2014,94118,B05,21,4564,11,33,2,3,1,1,150000,50000,0,0,0,111 building fire,86 investigate,419 1 or 2 family dwelling,21 bedroom - < 5 persons; included are jail or prison,2 unintentional,"30 electrical failure, malfunction, other",electrical arcing electrical arcing,"81 electrical wire, cable insulation",n none,2 in normal use,1 present,1 smoke,2 detector operated,n none present,1,Lone Mountain/USF,279,4
04/02/2014,94134,B09,43,6241,10,36,2,4,1,1,2000,0,0,0,0,111 building fire,11 extinguishment by fire service personnel,429 multifamily dwelling,97 multiple areas,1 intentional,"10 misuse of material or product, other","heat from other open flame or smoking materials, other heat from other open flame or smoking materials, other",99 multiple items first ignited,n none,6 vacant and unsecured,1 present,1 smoke,2 detector operated,n none present,10,Visitacion Valley,76,7
05/17/2013,94130,B03,48,2931,10,31,3,5,1,1,125000,15000,0,0,0,111 - building fire,11 - extinguish,419 - 1 or 2 family dwelling,"86 - exterior, exposed surface",2 - unintentional,uu - undetermined,uu - undetermined,"96 - rubbish, trash, or waste",n - none,2 -in normal use,1 -present,1 -smoke,2 -detector operated,n -none present,6,Treasure Island,151,3
08/24/2013,94158,B03,08,2171,2,5,0,0,0,0,300,1,0,0,0,112 - fires in struct. other than in a bldg.,11 - extinguish,965 - vehicle parking area,"25 - bathroom, checkroom, locker room",1 - intentional,uu - undetermined,60 - heat; other open flame/smoking materi,"96 - rubbish, trash, or waste",n - none,-,-,-,-,-,6,Mission Bay,61,4
06/21/2013,94124,B10,17,6653,3,10,0,0,0,0,8000,5000,0,0,0,"122 - fire in motor home, camper or rv",11 - extinguish,965 - vehicle parking area,"80 - vehicle area, other",u - cause undetermined after investigation,uu - undetermined,uu - undetermined,uu - undetermined,n - none,-,-,-,-,-,10,Bayview Hunters Point,66,6
01/14/2014,94122,B08,23,7655,9,31,1,2,1,2,300000,100000,0,0,0,111 - building fire,"00 - action taken, other",419 - 1 or 2 family dwelling,21 - bedroom-<5 persons; inc. jail or pris,5 - cause under investigation,00 - other factor contributed to ignition,53 - blasting agent,uu - undetermined,n - none,2 -in normal use,u -undetermined,-,-,n -none present,4,Sunset/Parkside,416,3
07/23/2007,94107,B03,29,2274,6,23,0,0,0,0,19000,2000,0,0,0,"130 - mobile property (vehicle) fire, other",11 - extinguish,963 - street or road in commercial area,81 - operator/passenger area/transport equ,u - cause undetermined after investigation,uu - undetermined,uu - undetermined,uu - undetermined,n - none,-,-,-,-,-,10,Mission Bay,46,6
08/01/2013,94108,B01,13,1313,9,31,1,2,1,1,5000,1000,0,0,0,112 - fires in struct. other than in a bldg.,11 - extinguish,"400 - residential, other","86 - exterior, exposed surface",2 - unintentional,uu - undetermined,uu - undetermined,12 - exterior wall covering or finish,n - none,-,-,-,-,-,3,Chinatown,72,3
07/08/2013,94110,B06,11,5457,6,23,1,2,0,0,200000,75000,0,0,0,111 - building fire,86 - investigate,429 - multifamily dwellings,"24 - cooking area, kitchen",2 - unintentional,12 - heat source too close to combustibles,81 - heat; direct flame or convection,uu - undetermined,3 - unattended or unsupervised person,2 -in normal use,u -undetermined,-,-,n -none present,8,Mission,191,1
